platform,video_id,video_topic,comment,like,reply_count,tanggal,clean_comment,comment_length,engagement_score
youtube,rh8ycjPCj18,diabetes_mellitus_penjelasan_klinis,I like your videos with everything on the whiteboard style. I can fall asleep easily by watching this type of videos presentation,1,0,2026-04-06T17:54:13Z,i like your videos with everything on the whiteboard style i can fall asleep easily by watching this type of videos presentation,128,1
youtube,rh8ycjPCj18,diabetes_mellitus_penjelasan_klinis,👏🏼👏🏼👏🏼,0,0,2026-03-28T04:35:20Z,,0,0
youtube,rh8ycjPCj18,diabetes_mellitus_penjelasan_klinis,يروحونلك فدوة كل اطباء العراق,0,0,2026-03-27T08:14:55Z,يروحونلك فدوة كل اطباء العراق,29,0
youtube,rh8ycjPCj18,diabetes_mellitus_penjelasan_klinis,"Hello!! Where can i find about classification of diabetes like about mody, lada, gdm",0,0,2026-03-24T16:12:12Z,hello where can i find about classification of diabetes like about mody lada gdm,80,0
youtube,rh8ycjPCj18,diabetes_mellitus_penjelasan_klinis,"Loved this lecture, was so cleaaan!",0,0,2026-03-16T07:50:06Z,loved this lecture was so cleaaan,33,0
youtube,rh8ycjPCj18,diabetes_mellitus_penjelasan_klinis,I wish I had founded this channel earlier 😢,0,0,2026-03-13T23:53:00Z,i wish i had founded this channel earlier,41,0
youtube,rh8ycjPCj18,diabetes_mellitus_penjelasan_klinis,im begging please make a video on drugs for diabetes pleeeeeease,0,0,2026-03-13T06:02:14Z,im begging please make a video on drugs for diabetes pleeeeeease,64,0
youtube,rh8ycjPCj18,diabetes_mellitus_penjelasan_klinis,حد عربي هنااااا,0,0,2026-03-06T22:22:16Z,حد عربي هنااااا,15,0
youtube,rh8ycjPCj18,diabetes_mellitus_penjelasan_klinis,"Dios te bendiga ninja nerd, me has salvado la vida desde primer semestre",0,0,2026-03-03T05:01:53Z,dios te bendiga ninja nerd me has salvado la vida desde primer semestre,71,0
youtube,rh8ycjPCj18,diabetes_mellitus_penjelasan_klinis,Ty so much man…,3,0,2026-03-01T10:27:52Z,ty so much man,14,3
youtube,rh8ycjPCj18,diabetes_mellitus_penjelasan_klinis,I love this man so much,0,0,2026-02-21T01:53:16Z,i love this man so much,23,0
youtube,rh8ycjPCj18,diabetes_mellitus_penjelasan_klinis,🙏🏻❤🥹,1,0,2026-02-20T18:26:48Z,,0,1
youtube,rh8ycjPCj18,diabetes_mellitus_penjelasan_klinis,What if the potassium is not normal for dka? What’s the protocol for normalising it before insulin- wasn’t mentioned in the video. Thanks ❤,0,0,2026-02-19T11:37:42Z,what if the potassium is not normal for dka whats the protocol for normalising it before insulin wasnt mentioned in the video thanks,132,0
youtube,rh8ycjPCj18,diabetes_mellitus_penjelasan_klinis,This is perfect,0,0,2026-02-18T16:02:41Z,this is perfect,15,0
youtube,rh8ycjPCj18,diabetes_mellitus_penjelasan_klinis,❤❤❤,0,0,2026-02-14T15:25:58Z,,0,0
youtube,rh8ycjPCj18,diabetes_mellitus_penjelasan_klinis,❤,0,0,2026-02-10T14:44:00Z,,0,0
youtube,rh8ycjPCj18,diabetes_mellitus_penjelasan_klinis,really helpful video but... I prefer your normal white board with all the writings and expanations.,0,0,2026-02-09T05:20:34Z,really helpful video but i prefer your normal white board with all the writings and expanations,95,0
youtube,rh8ycjPCj18,diabetes_mellitus_penjelasan_klinis,"Thank you for taking the time to make this class and give it for us for free, if using slides is better and saves you more time instead of the whiteboard, keep using it. Thanks again for this class.",0,0,2026-02-05T18:00:28Z,thank you for taking the time to make this class and give it for us for free if using slides is better and saves you more time instead of the whiteboard keep using it thanks again for this class,194,0
youtube,rh8ycjPCj18,diabetes_mellitus_penjelasan_klinis,"The one and only does it again, thanks for everything boss!",0,0,2026-02-02T00:34:37Z,the one and only does it again thanks for everything boss,57,0
youtube,rh8ycjPCj18,diabetes_mellitus_penjelasan_klinis,Sir you forgot Diabetic Cataract😮,0,0,2026-01-29T14:45:22Z,sir you forgot diabetic cataract,32,0
youtube,rh8ycjPCj18,diabetes_mellitus_penjelasan_klinis,Love you and thank you ❤,0,0,2026-01-27T08:19:25Z,love you and thank you,22,0
youtube,rh8ycjPCj18,diabetes_mellitus_penjelasan_klinis,I don&#39;t have word to appreciate you but your are in my heart may Allah bless you sir &amp; your family have greatful,0,0,2026-01-26T03:29:56Z,i dont have word to appreciate you but your are in my heart may allah bless you sir amp your family have greatful,113,0
youtube,rh8ycjPCj18,diabetes_mellitus_penjelasan_klinis,So thankful,0,0,2026-01-22T15:12:13Z,so thankful,11,0
youtube,rh8ycjPCj18,diabetes_mellitus_penjelasan_klinis,Thanks!,0,0,2026-01-21T08:03:37Z,thanks,6,0
youtube,rh8ycjPCj18,diabetes_mellitus_penjelasan_klinis,Bro I haven&#39;t reached half of the video and have already seen 5 ads. What&#39;s wrong with YT man,0,0,2026-01-19T06:45:31Z,bro i havent reached half of the video and have already seen ads whats wrong with yt man,88,0
youtube,rh8ycjPCj18,diabetes_mellitus_penjelasan_klinis,My mom has DM type 2 but was having DKA when my grandmother died and she was not being able to cope up. 😢,0,0,2026-01-19T06:44:21Z,my mom has dm type but was having dka when my grandmother died and she was not being able to cope up,100,0
youtube,rh8ycjPCj18,diabetes_mellitus_penjelasan_klinis,"I wonder what happens when your patient is a unicorn:  Some labs indicate adequate progress in managing Glucose and insulin, some labs indicate glucose and insulin are not well managed.  Some symptoms present that indicate worsening disease progression.  Some symptoms present that indicate adequate management.  Sometimes disease progression is a puzzle that does not follow the usual chart.",0,0,2026-01-18T17:49:48Z,i wonder what happens when your patient is a unicorn some labs indicate adequate progress in managing glucose and insulin some labs indicate glucose and insulin are not well managed some symptoms present that indicate worsening disease progression some symptoms present that indicate adequate management sometimes disease progression is a puzzle that does not follow the usual chart,382,0
youtube,rh8ycjPCj18,diabetes_mellitus_penjelasan_klinis,Please revert back to white board and markers,0,0,2026-01-01T20:26:43Z,please revert back to white board and markers,45,0
youtube,rh8ycjPCj18,diabetes_mellitus_penjelasan_klinis,"Patient with DKA develops hyperkalemia becuase of hydrogen not glucose,<br>which will enter the cells and potassium gets out",0,0,2025-12-24T13:23:46Z,patient with dka develops hyperkalemia becuase of hydrogen not glucosewhich will enter the cells and potassium gets out,119,0
youtube,rh8ycjPCj18,diabetes_mellitus_penjelasan_klinis,Need white board,1,0,2025-12-17T14:47:56Z,need white board,16,1
youtube,rh8ycjPCj18,diabetes_mellitus_penjelasan_klinis,The best ever ❤ alawys saving me,0,0,2025-11-27T23:37:36Z,the best ever alawys saving me,30,0
youtube,rh8ycjPCj18,diabetes_mellitus_penjelasan_klinis,Amazing presentation! Keep up the great work guys!,0,0,2025-11-26T11:25:11Z,amazing presentation keep up the great work guys,48,0
youtube,rh8ycjPCj18,diabetes_mellitus_penjelasan_klinis,Thank you 🙏 ❤,0,0,2025-11-24T18:16:51Z,thank you,9,0
youtube,rh8ycjPCj18,diabetes_mellitus_penjelasan_klinis,Super!,0,0,2025-11-23T13:33:09Z,super,5,0
youtube,rh8ycjPCj18,diabetes_mellitus_penjelasan_klinis,"Ooh my Gad this is vary digestible and i understood every step you teach us , thank you so much i&#39;m from ethiopia and i follow all of your video, i like all of them<br> you help me for my exam<br>Your video is much better than class teachin technique🤓🤓",0,0,2025-11-14T16:56:14Z,ooh my gad this is vary digestible and i understood every step you teach us thank you so much im from ethiopia and i follow all of your video i like all of them you help me for my examyour video is much better than class teachin technique,238,0
youtube,rh8ycjPCj18,diabetes_mellitus_penjelasan_klinis,The GOAT. Thanks Ninja Nerd.,1,0,2025-11-14T03:10:49Z,the goat thanks ninja nerd,26,1
youtube,rh8ycjPCj18,diabetes_mellitus_penjelasan_klinis,❤❤❤❤❤,0,0,2025-11-07T20:13:41Z,,0,0
youtube,rh8ycjPCj18,diabetes_mellitus_penjelasan_klinis,perfect 👏,0,0,2025-11-05T19:21:36Z,perfect,7,0
youtube,rh8ycjPCj18,diabetes_mellitus_penjelasan_klinis,👏,0,0,2025-10-25T06:59:06Z,,0,0
youtube,rh8ycjPCj18,diabetes_mellitus_penjelasan_klinis,Useful as usual ❤,0,0,2025-10-25T00:09:04Z,useful as usual,15,0
youtube,rh8ycjPCj18,diabetes_mellitus_penjelasan_klinis,Increase gfr? I&#39;m confused,1,0,2025-10-08T02:28:25Z,increase gfr im confused,24,1
youtube,rh8ycjPCj18,diabetes_mellitus_penjelasan_klinis,Just not the same without the whiteboard and him walking around,0,0,2025-10-07T21:27:19Z,just not the same without the whiteboard and him walking around,63,0
youtube,rh8ycjPCj18,diabetes_mellitus_penjelasan_klinis,Absolutely amazing video! Thank you.,0,0,2025-10-04T08:17:54Z,absolutely amazing video thank you,34,0
youtube,rh8ycjPCj18,diabetes_mellitus_penjelasan_klinis,Acidosis stimulate Central chemoreceptors not peripheral <br>Can u fix it plz,1,1,2025-10-03T19:35:26Z,acidosis stimulate central chemoreceptors not peripheral can u fix it plz,73,2
youtube,rh8ycjPCj18,diabetes_mellitus_penjelasan_klinis,"Yeah, he talked about it in his diuretics video that stimulation of chemoreceptors increases rate of respiration and depth of respiration",0,0,2025-10-21T11:57:53Z,yeah he talked about it in his diuretics video that stimulation of chemoreceptors increases rate of respiration and depth of respiration,136,0
youtube,rh8ycjPCj18,diabetes_mellitus_penjelasan_klinis,Who else is watching this video in 2025😂,2,0,2025-10-01T08:44:04Z,who else is watching this video in,34,2
youtube,rh8ycjPCj18,diabetes_mellitus_penjelasan_klinis,"Better than Professors,means alot❤",0,0,2025-09-26T10:22:00Z,better than professorsmeans alot,32,0
youtube,rh8ycjPCj18,diabetes_mellitus_penjelasan_klinis,Thanks ninja❤,0,0,2025-09-07T17:52:00Z,thanks ninja,12,0
youtube,rh8ycjPCj18,diabetes_mellitus_penjelasan_klinis,Can&#39;t focuss without you walking around and writing,285,8,2025-09-06T15:35:18Z,cant focuss without you walking around and writing,50,293
youtube,rh8ycjPCj18,diabetes_mellitus_penjelasan_klinis,But this is faster,2,0,2025-10-02T15:37:03Z,but this is faster,18,2
youtube,rh8ycjPCj18,diabetes_mellitus_penjelasan_klinis,Yessss i feel that too 😭,3,0,2025-10-06T21:07:33Z,yessss i feel that too,22,3
youtube,rh8ycjPCj18,diabetes_mellitus_penjelasan_klinis,put writing down,0,0,2025-10-16T13:15:57Z,put writing down,16,0
youtube,rh8ycjPCj18,diabetes_mellitus_penjelasan_klinis,Me too,0,0,2025-11-10T11:58:38Z,me too,6,0
youtube,rh8ycjPCj18,diabetes_mellitus_penjelasan_klinis,Same here am failing  to concentrate,0,0,2025-12-05T14:55:56Z,same here am failing to concentrate,35,0
youtube,rh8ycjPCj18,diabetes_mellitus_penjelasan_klinis,"Going into my final year of NP school and reviewing this for my diabetes clinic placement - all I can say is, thank you!",0,0,2025-09-04T00:09:34Z,going into my final year of np school and reviewing this for my diabetes clinic placement all i can say is thank you,116,0
youtube,rh8ycjPCj18,diabetes_mellitus_penjelasan_klinis,i love you bro,0,0,2025-08-06T23:40:54Z,i love you bro,14,0
youtube,rh8ycjPCj18,diabetes_mellitus_penjelasan_klinis,Thank you zach🩵,0,0,2025-08-06T03:29:10Z,thank you zach,14,0
youtube,rh8ycjPCj18,diabetes_mellitus_penjelasan_klinis,Treat mitochondrial dysfunction &amp; improve outcomes 😊,0,0,2025-08-05T17:49:09Z,treat mitochondrial dysfunction amp improve outcomes,52,0
youtube,rh8ycjPCj18,diabetes_mellitus_penjelasan_klinis,Where is diabetes anemia?,0,0,2025-08-05T17:37:41Z,where is diabetes anemia,24,0
youtube,rh8ycjPCj18,diabetes_mellitus_penjelasan_klinis,Why aren&#39;t you using muscle mass to treat type 2 diabetes?,0,0,2025-08-05T17:29:39Z,why arent you using muscle mass to treat type diabetes,54,0
youtube,rh8ycjPCj18,diabetes_mellitus_penjelasan_klinis,"Photobiomodulation, exercise need to be added to this discussion.<br>Insulin levels need to be learned.",0,0,2025-08-05T17:26:52Z,photobiomodulation exercise need to be added to this discussioninsulin levels need to be learned,96,0
youtube,rh8ycjPCj18,diabetes_mellitus_penjelasan_klinis,"Aren&#39;t the DM2 have too much insulin in the blood, hyperinsulenimea? The cells are just resistant to it, but there is a lot if it.",0,0,2025-08-04T12:07:05Z,arent the dm have too much insulin in the blood hyperinsulenimea the cells are just resistant to it but there is a lot if it,124,0
youtube,rh8ycjPCj18,diabetes_mellitus_penjelasan_klinis,"I have honestly found your videos so helpful, and I&#39;m sure they are the only reason I&#39;ve got through my Bachelor of Nursing. There is something about the way you explain that just makes it make sense. Thank you for the great content!",0,0,2025-08-03T23:46:45Z,i have honestly found your videos so helpful and im sure they are the only reason ive got through my bachelor of nursing there is something about the way you explain that just makes it make sense thank you for the great content,227,0
youtube,rh8ycjPCj18,diabetes_mellitus_penjelasan_klinis,Best content 😊,0,0,2025-07-31T04:28:51Z,best content,12,0
youtube,rh8ycjPCj18,diabetes_mellitus_penjelasan_klinis,"WOW, thank you🙌🏾",0,0,2025-07-28T17:58:23Z,wow thank you,13,0
youtube,rh8ycjPCj18,diabetes_mellitus_penjelasan_klinis,I’m back again to understand another lecture from you ❤,0,0,2025-07-28T06:38:49Z,im back again to understand another lecture from you,52,0
youtube,rh8ycjPCj18,diabetes_mellitus_penjelasan_klinis,Such a great video and stragiht to the point with the information neeeded. I love the mind maps as treatment tables as a visual learner.,0,0,2025-07-24T18:56:43Z,such a great video and stragiht to the point with the information neeeded i love the mind maps as treatment tables as a visual learner,134,0
youtube,rh8ycjPCj18,diabetes_mellitus_penjelasan_klinis,❤,0,0,2025-07-13T13:47:43Z,,0,0
youtube,rh8ycjPCj18,diabetes_mellitus_penjelasan_klinis,"Thank you Zach, from Italy 🇮🇹 without you I would still be in my first year",2,0,2025-07-12T09:06:18Z,thank you zach from italy without you i would still be in my first year,71,2
youtube,rh8ycjPCj18,diabetes_mellitus_penjelasan_klinis,How i can get the pdf ?,0,0,2025-07-11T21:23:56Z,how i can get the pdf,21,0
youtube,rh8ycjPCj18,diabetes_mellitus_penjelasan_klinis,Of I only eat 2 apples a day do I still need the diabetes poison from big pharma,0,0,2025-07-10T06:34:00Z,of i only eat apples a day do i still need the diabetes poison from big pharma,78,0
youtube,rh8ycjPCj18,diabetes_mellitus_penjelasan_klinis,"Thanks so much, this has helped a lot",0,0,2025-07-02T19:40:38Z,thanks so much this has helped a lot,36,0
youtube,rh8ycjPCj18,diabetes_mellitus_penjelasan_klinis,Thank you Zach. I have read these topics severally wasn&#39;t sticking and didn&#39;t get this level of flexibility with my understanding of them,0,0,2025-07-02T17:10:00Z,thank you zach i have read these topics severally wasnt sticking and didnt get this level of flexibility with my understanding of them,134,0
youtube,rh8ycjPCj18,diabetes_mellitus_penjelasan_klinis,"As always I love your lessons. Thank you from the bottom of my heart. I have to agree with others. I really struggle with this format. The white board and markers, along with your excitement when writing is what sets you apart. Not a huge fan of this method.",0,0,2025-07-01T15:36:55Z,as always i love your lessons thank you from the bottom of my heart i have to agree with others i really struggle with this format the white board and markers along with your excitement when writing is what sets you apart not a huge fan of this method,251,0
youtube,rh8ycjPCj18,diabetes_mellitus_penjelasan_klinis,The best of the best.... thank you Zach,0,0,2025-07-01T13:00:50Z,the best of the best thank you zach,35,0
youtube,rh8ycjPCj18,diabetes_mellitus_penjelasan_klinis,I loved each minute of the lecture. Thank you for simplifying major concepts,0,0,2025-06-18T18:59:53Z,i loved each minute of the lecture thank you for simplifying major concepts,75,0
youtube,rh8ycjPCj18,diabetes_mellitus_penjelasan_klinis,❤,0,0,2025-06-14T14:56:25Z,,0,0
youtube,rh8ycjPCj18,diabetes_mellitus_penjelasan_klinis,Thank You.,1,0,2025-06-08T05:39:32Z,thank you,9,1
youtube,rh8ycjPCj18,diabetes_mellitus_penjelasan_klinis,this is so underrated!!! GREAT APPRECIATION!,14,0,2025-06-04T05:17:42Z,this is so underrated great appreciation,40,14
youtube,rh8ycjPCj18,diabetes_mellitus_penjelasan_klinis,Is this based from Harrison?,0,0,2025-06-02T18:43:06Z,is this based from harrison,27,0
youtube,rh8ycjPCj18,diabetes_mellitus_penjelasan_klinis,Dont know about others but this format is more organised than board although board was good too 👍👍,1,0,2025-05-28T17:34:37Z,dont know about others but this format is more organised than board although board was good too,95,1
youtube,rh8ycjPCj18,diabetes_mellitus_penjelasan_klinis,We want white board😂❤❤❤❤,0,0,2025-05-21T13:55:47Z,we want white board,19,0
youtube,rh8ycjPCj18,diabetes_mellitus_penjelasan_klinis,Monster lecture indeed. Thank you. I&#39;ve watched it twice now🎉,0,0,2025-05-20T17:22:30Z,monster lecture indeed thank you ive watched it twice now,57,0
youtube,rh8ycjPCj18,diabetes_mellitus_penjelasan_klinis,"I&#39;m 46 on the 30th of May. I&#39;m bipolar and was diagnosed with diabetes Mellitus on Monday. My fasting blood glucose level was 6.5 mmol/litre. Which is too high, however the old marker for diagnosis with diabetes use to be a fasting blood glucose level of &gt; 7 mmol/litre. I&#39;m actually short sighted, but I&#39;ve to get a sight test for retinopathy. How painful are the eye drops and when does your eye sight return. Because six hours is a very long time to go without any eye sight.",0,0,2025-05-17T10:13:06Z,im on the th of may im bipolar and was diagnosed with diabetes mellitus on monday my fasting blood glucose level was mmollitre which is too high however the old marker for diagnosis with diabetes use to be a fasting blood glucose level of gt mmollitre im actually short sighted but ive to get a sight test for retinopathy how painful are the eye drops and when does your eye sight return because six hours is a very long time to go without any eye sight,453,0
youtube,rh8ycjPCj18,diabetes_mellitus_penjelasan_klinis,❤,0,0,2025-05-16T16:13:24Z,,0,0
youtube,rh8ycjPCj18,diabetes_mellitus_penjelasan_klinis,Every video you post is packed with valuable information. Thank you for your effort!,0,0,2025-05-15T17:45:35Z,every video you post is packed with valuable information thank you for your effort,82,0
youtube,rh8ycjPCj18,diabetes_mellitus_penjelasan_klinis,"everytime everyday everymeal , i enjoyed every moment",0,0,2025-05-06T17:30:25Z,everytime everyday everymeal i enjoyed every moment,51,0
youtube,rh8ycjPCj18,diabetes_mellitus_penjelasan_klinis,How about cultural force feeding for a chubby child?,0,0,2025-05-02T03:51:24Z,how about cultural force feeding for a chubby child,51,0
youtube,rh8ycjPCj18,diabetes_mellitus_penjelasan_klinis,I love the board better 😂 thanks Zach,0,0,2025-04-30T17:13:53Z,i love the board better thanks zach,35,0
youtube,rh8ycjPCj18,diabetes_mellitus_penjelasan_klinis,Hi dr. Zack i think you were uploaded hhs and dka at another video.<br> I can’t find the videos.,0,0,2025-04-30T10:22:43Z,hi dr zack i think you were uploaded hhs and dka at another video i cant find the videos,88,0
youtube,rh8ycjPCj18,diabetes_mellitus_penjelasan_klinis,Thank you,0,0,2025-04-23T18:32:43Z,thank you,9,0
youtube,rh8ycjPCj18,diabetes_mellitus_penjelasan_klinis,"Perfect length, this video. The longer format videos cover more, and are wonderfully detailed, but this one is just perfect to prepare for a topic (or repeat it for the x-th time!), without getting bored or overwhelmed. Thanks for the great work!",22,0,2025-04-16T07:14:10Z,perfect length this video the longer format videos cover more and are wonderfully detailed but this one is just perfect to prepare for a topic or repeat it for the xth time without getting bored or overwhelmed thanks for the great work,235,22
youtube,rh8ycjPCj18,diabetes_mellitus_penjelasan_klinis,Thank you! Super clear and covers all the important topics,0,0,2025-04-12T16:38:34Z,thank you super clear and covers all the important topics,57,0
youtube,rh8ycjPCj18,diabetes_mellitus_penjelasan_klinis,I miss the board.,0,0,2025-04-11T16:46:14Z,i miss the board,16,0
youtube,rh8ycjPCj18,diabetes_mellitus_penjelasan_klinis,"Hello my friend, I hope you respond and I am waiting for you. I have an assessment exam and from my previous exams I have a problem answering the cases even though I studied the entire subject. So can you tell me how to solve the cases? Please 🙏",0,0,2025-04-06T11:02:47Z,hello my friend i hope you respond and i am waiting for you i have an assessment exam and from my previous exams i have a problem answering the cases even though i studied the entire subject so can you tell me how to solve the cases please,239,0
youtube,rh8ycjPCj18,diabetes_mellitus_penjelasan_klinis,very well organized and straightforward 👏🏻👏🏻<br>tnxs a lot,0,0,2025-04-02T14:26:57Z,very well organized and straightforward tnxs a lot,50,0
youtube,rh8ycjPCj18,diabetes_mellitus_penjelasan_klinis,Could i ask for references documents please,0,0,2025-04-01T18:58:06Z,could i ask for references documents please,43,0
youtube,rh8ycjPCj18,diabetes_mellitus_penjelasan_klinis,This lecture is so so good... Literally it covers every point. If you have already studied pathology &amp; Pharmacology. The understanding you get from this lecture is  amazing. Thanks you so much for this amazing lecture. It&#39;s much better than The white boards. It&#39;s very much organised here.,0,0,2025-04-01T15:34:12Z,this lecture is so so good literally it covers every point if you have already studied pathology amp pharmacology the understanding you get from this lecture is amazing thanks you so much for this amazing lecture its much better than the white boards its very much organised here,279,0
youtube,rh8ycjPCj18,diabetes_mellitus_penjelasan_klinis,"<a href=""https://www.youtube.com/watch?v=rh8ycjPCj18&amp;t=1305"">21:45</a> this person who came to the er came to us with so many dangerous things 😱😱😱 at last the sole diagnosis being DM… scaryy",1,0,2025-03-29T19:26:05Z,this person who came to the er came to us with so many dangerous things at last the sole diagnosis being dm scaryy,114,1
youtube,rh8ycjPCj18,diabetes_mellitus_penjelasan_klinis,Awesome <br>Thanks,0,0,2025-03-28T17:30:08Z,awesome thanks,14,0
youtube,rh8ycjPCj18,diabetes_mellitus_penjelasan_klinis,Awesome lecture!,0,0,2025-03-27T11:49:40Z,awesome lecture,15,0
youtube,rh8ycjPCj18,diabetes_mellitus_penjelasan_klinis,This is an awesome video. This content covers everything from pathology to how it affects daily clinical practice. Thank you very much!,0,0,2025-03-27T08:01:04Z,this is an awesome video this content covers everything from pathology to how it affects daily clinical practice thank you very much,132,0
youtube,rh8ycjPCj18,diabetes_mellitus_penjelasan_klinis,loveee uuu mannn❤❤❤,0,0,2025-03-23T21:57:36Z,loveee uuu mannn,16,0
youtube,rh8ycjPCj18,diabetes_mellitus_penjelasan_klinis,"Please tell president trump that China is having strong wish  to joint USA and becom one  state of USA, thank you sir",0,0,2025-03-22T17:53:00Z,please tell president trump that china is having strong wish to joint usa and becom one state of usa thank you sir,114,0
youtube,rh8ycjPCj18,diabetes_mellitus_penjelasan_klinis,thank you so much,0,0,2025-03-20T11:33:22Z,thank you so much,17,0
youtube,rh8ycjPCj18,diabetes_mellitus_penjelasan_klinis,Please complete the chapter of diabetes 😢 and cover it alll,0,0,2025-03-15T13:44:01Z,please complete the chapter of diabetes and cover it alll,57,0
youtube,rh8ycjPCj18,diabetes_mellitus_penjelasan_klinis,Thank you so soooooooooo much,0,0,2025-03-14T21:46:27Z,thank you so soooooooooo much,29,0
youtube,rh8ycjPCj18,diabetes_mellitus_penjelasan_klinis,very helpful,0,0,2025-03-14T09:14:44Z,very helpful,12,0
youtube,rh8ycjPCj18,diabetes_mellitus_penjelasan_klinis,"Zac, you&#39;re absolutely awesome! I&#39;ve been watching your content since high school, then during foundation year where i watched your phys lectures, and now, as a third-year medic, i&#39;m still learning new things from your clinical medicine videos. Your knowledge has been invaluable during my placements. I can&#39;t even express how incredible your content is. Thank you so much.",25,0,2025-03-13T19:17:31Z,zac youre absolutely awesome ive been watching your content since high school then during foundation year where i watched your phys lectures and now as a thirdyear medic im still learning new things from your clinical medicine videos your knowledge has been invaluable during my placements i cant even express how incredible your content is thank you so much,358,25
youtube,rh8ycjPCj18,diabetes_mellitus_penjelasan_klinis,thank you for the lecture but where can I get it&#39;s pdf,0,0,2025-03-03T10:50:23Z,thank you for the lecture but where can i get its pdf,53,0
youtube,rh8ycjPCj18,diabetes_mellitus_penjelasan_klinis,I love you vro!,0,0,2025-03-03T02:24:56Z,i love you vro,14,0
youtube,rh8ycjPCj18,diabetes_mellitus_penjelasan_klinis,I&#39;ve learn a lot from this video  .Thanks 👍,0,0,2025-03-02T17:50:01Z,ive learn a lot from this video thanks,38,0
youtube,rh8ycjPCj18,diabetes_mellitus_penjelasan_klinis,Grateful explanation but I like the whiteboard more 👌,0,0,2025-03-01T02:31:15Z,grateful explanation but i like the whiteboard more,51,0
youtube,rh8ycjPCj18,diabetes_mellitus_penjelasan_klinis,thank you sooooo much!,1,0,2025-02-28T20:43:15Z,thank you sooooo much,21,1
youtube,rh8ycjPCj18,diabetes_mellitus_penjelasan_klinis,Thanks for the awesome explanation + i hope you get back to the whiteboard,0,0,2025-02-24T13:30:10Z,thanks for the awesome explanation i hope you get back to the whiteboard,72,0
youtube,rh8ycjPCj18,diabetes_mellitus_penjelasan_klinis,🙏🏼🙏🏼🙏🏼🙏🏼😔😔😔🌟🌟🌟🌟🌟🌟🎯🎯🎯🎯,0,0,2025-02-24T11:57:51Z,,0,0
youtube,rh8ycjPCj18,diabetes_mellitus_penjelasan_klinis,Nice lectures so beautifully illustrated 💐,0,0,2025-02-24T09:30:15Z,nice lectures so beautifully illustrated,40,0
youtube,rh8ycjPCj18,diabetes_mellitus_penjelasan_klinis,"Thank you so much, God bless you",0,0,2025-02-20T18:45:39Z,thank you so much god bless you,31,0
youtube,rh8ycjPCj18,diabetes_mellitus_penjelasan_klinis,MAY GOD BLESS YOU SIR !!!!,1,0,2025-02-19T12:15:32Z,may god bless you sir,21,1
youtube,rh8ycjPCj18,diabetes_mellitus_penjelasan_klinis,Love U 3000❤ <br>We are ninja nerds 🥷,0,0,2025-02-19T08:53:58Z,love u we are ninja nerds,25,0
youtube,rh8ycjPCj18,diabetes_mellitus_penjelasan_klinis,Amazing… please always use this kind of flow chart.,0,0,2025-02-18T13:48:05Z,amazing please always use this kind of flow chart,49,0
youtube,rh8ycjPCj18,diabetes_mellitus_penjelasan_klinis,Many thanks <br>You are the best<br>But to me whiteboard with your description are the reason of learning<br>Could you please back to the original whiteboard🙏,0,0,2025-02-07T12:09:13Z,many thanks you are the bestbut to me whiteboard with your description are the reason of learningcould you please back to the original whiteboard,145,0
youtube,rh8ycjPCj18,diabetes_mellitus_penjelasan_klinis,when you say increase in GFR at about 18.5 mins you mean decrease right  like getting worse?,1,0,2025-02-02T03:24:18Z,when you say increase in gfr at about mins you mean decrease right like getting worse,85,1
youtube,rh8ycjPCj18,diabetes_mellitus_penjelasan_klinis,I really love your videos❤..thanks 🙏,0,0,2025-02-01T16:24:07Z,i really love your videosthanks,31,0
youtube,rh8ycjPCj18,diabetes_mellitus_penjelasan_klinis,"I pour half a cup of soda, into a cup. And fill the rest with water. To dilute the sugar. It still tastes great, and refreshing. This helps avoiding diabetes. I rarely have a full cup of undiluted soda. Jesus is Lord.",0,0,2025-02-01T06:53:27Z,i pour half a cup of soda into a cup and fill the rest with water to dilute the sugar it still tastes great and refreshing this helps avoiding diabetes i rarely have a full cup of undiluted soda jesus is lord,208,0
youtube,rh8ycjPCj18,diabetes_mellitus_penjelasan_klinis,"Please make a video on hypoglycemic agents, and autocoid pharmacology. @ninjanerd🙏",0,0,2025-01-27T15:11:48Z,please make a video on hypoglycemic agents and autocoid pharmacology ninjanerd,78,0
youtube,rh8ycjPCj18,diabetes_mellitus_penjelasan_klinis,❤,0,0,2025-01-27T15:04:23Z,,0,0
youtube,rh8ycjPCj18,diabetes_mellitus_penjelasan_klinis,Only you videos make me pass my exams,0,0,2025-01-22T08:09:35Z,only you videos make me pass my exams,37,0
youtube,rh8ycjPCj18,diabetes_mellitus_penjelasan_klinis,thankkkkk youuuuuu,0,0,2025-01-17T19:35:56Z,thankkkkk youuuuuu,18,0
youtube,rh8ycjPCj18,diabetes_mellitus_penjelasan_klinis,THANKKKKKKKKKKKKK YOUUU SO MUCH.<br><br>😇,0,0,2025-01-17T04:55:49Z,thankkkkkkkkkkkkk youuu so much,31,0
youtube,rh8ycjPCj18,diabetes_mellitus_penjelasan_klinis,Okay,0,0,2025-01-16T14:36:24Z,okay,4,0
youtube,rh8ycjPCj18,diabetes_mellitus_penjelasan_klinis,"Good video, thanks!",0,0,2025-01-13T12:06:46Z,good video thanks,17,0
youtube,rh8ycjPCj18,diabetes_mellitus_penjelasan_klinis,If your pee tastes sweet you may have diabetes.,0,1,2025-01-12T16:36:01Z,if your pee tastes sweet you may have diabetes,46,1
youtube,rh8ycjPCj18,diabetes_mellitus_penjelasan_klinis,Who is tasting pee?,1,0,2026-02-16T21:53:53Z,who is tasting pee,18,1
youtube,rh8ycjPCj18,diabetes_mellitus_penjelasan_klinis,The white board please 😪,0,0,2025-01-09T14:15:18Z,the white board please,22,0
youtube,rh8ycjPCj18,diabetes_mellitus_penjelasan_klinis,Thank you Ninja Nerd ❤,1,0,2025-01-08T05:11:13Z,thank you ninja nerd,20,1
youtube,rh8ycjPCj18,diabetes_mellitus_penjelasan_klinis,Excellent explanation and clarification,0,0,2025-01-07T15:15:53Z,excellent explanation and clarification,39,0
youtube,rh8ycjPCj18,diabetes_mellitus_penjelasan_klinis,Great video thanks 😊,0,0,2025-01-03T19:04:54Z,great video thanks,18,0
youtube,rh8ycjPCj18,diabetes_mellitus_penjelasan_klinis,"Zach, any chance of a video on dealing with atypical diabetics?  Things like people who dont have options on diet, are insulin dependent, are allergic to or can/will not take the antidiabetic meds, who have highly irregular schedules, etc?<br>   <br>It is incredibly frustrating to try and manage diabetes when one isnt living &#39;normally&#39;, with &#39;normal&#39; options.<br><br>How would you manage a patient who is insulin dependent, using a sliding scale....and thats all they can manage, for instance?  What about intermittent fasting?  Single daily meals?  Lack of healthy food choices?<br><br>Many thanks!!",0,0,2024-12-30T15:16:27Z,zach any chance of a video on dealing with atypical diabetics things like people who dont have options on diet are insulin dependent are allergic to or canwill not take the antidiabetic meds who have highly irregular schedules etc it is incredibly frustrating to try and manage diabetes when one isnt living normally with normal optionshow would you manage a patient who is insulin dependent using a sliding scaleand thats all they can manage for instance what about intermittent fasting single daily meals lack of healthy food choicesmany thanks,546,0
youtube,rh8ycjPCj18,diabetes_mellitus_penjelasan_klinis,Easy methods of teaching.,0,0,2024-12-29T18:13:59Z,easy methods of teaching,24,0
youtube,rh8ycjPCj18,diabetes_mellitus_penjelasan_klinis,"hello sir , please do diabetic ketoacidosis,it is so commonly tested in our final exams",0,0,2024-12-27T14:20:06Z,hello sir please do diabetic ketoacidosisit is so commonly tested in our final exams,84,0
youtube,rh8ycjPCj18,diabetes_mellitus_penjelasan_klinis,"hello sir , please do diabetic ketoacidosis,it is so commonly tested in our final exams",0,0,2024-12-27T14:19:34Z,hello sir please do diabetic ketoacidosisit is so commonly tested in our final exams,84,0
youtube,rh8ycjPCj18,diabetes_mellitus_penjelasan_klinis,"hello sir , please do diabetic ketoacidosis,it is so commonly tested in our final exams",0,0,2024-12-27T14:19:25Z,hello sir please do diabetic ketoacidosisit is so commonly tested in our final exams,84,0
youtube,rh8ycjPCj18,diabetes_mellitus_penjelasan_klinis,"hello sir , please do diabetic ketoacidosis,it is so commonly tested in our final exams",0,0,2024-12-27T14:19:14Z,hello sir please do diabetic ketoacidosisit is so commonly tested in our final exams,84,0
youtube,rh8ycjPCj18,diabetes_mellitus_penjelasan_klinis,Do you have notes on diagnostic and treatments alone,0,0,2024-12-25T16:48:16Z,do you have notes on diagnostic and treatments alone,52,0
youtube,rh8ycjPCj18,diabetes_mellitus_penjelasan_klinis,Thank you so much,0,0,2024-12-20T07:27:42Z,thank you so much,17,0
youtube,rh8ycjPCj18,diabetes_mellitus_penjelasan_klinis,Thank you,0,0,2024-12-19T13:56:39Z,thank you,9,0
youtube,rh8ycjPCj18,diabetes_mellitus_penjelasan_klinis,Kindly prefer white board.,0,0,2024-12-19T07:45:32Z,kindly prefer white board,25,0
youtube,rh8ycjPCj18,diabetes_mellitus_penjelasan_klinis,Thanx a lot,0,0,2024-12-12T06:43:14Z,thanx a lot,11,0
youtube,rh8ycjPCj18,diabetes_mellitus_penjelasan_klinis,❤❤❤❤,0,0,2024-12-12T06:41:42Z,,0,0
youtube,rh8ycjPCj18,diabetes_mellitus_penjelasan_klinis,"thankfully we have this channel, way much better to quickly understand",0,0,2024-12-08T04:20:03Z,thankfully we have this channel way much better to quickly understand,69,0
youtube,rh8ycjPCj18,diabetes_mellitus_penjelasan_klinis,Thank you. You are so helpful!!!!!,0,0,2024-12-06T19:58:22Z,thank you you are so helpful,28,0
youtube,rh8ycjPCj18,diabetes_mellitus_penjelasan_klinis,love uuuuuuuuuuuuuuuuuuuu,0,0,2024-11-30T18:17:10Z,love uuuuuuuuuuuuuuuuuuuu,25,0
youtube,rh8ycjPCj18,diabetes_mellitus_penjelasan_klinis,"For me, I really liked this way of teaching compared to the board method. Thank you ninja nerd!!!❤❤",0,0,2024-11-26T10:39:48Z,for me i really liked this way of teaching compared to the board method thank you ninja nerd,92,0
youtube,rh8ycjPCj18,diabetes_mellitus_penjelasan_klinis,"This guy helped me in grad school, now helping me with my post grad preps. God bless this fella . Such precise info, no bs, quickly revising stuff i dont have enough time to read now",4,1,2024-11-21T19:53:17Z,this guy helped me in grad school now helping me with my post grad preps god bless this fella such precise info no bs quickly revising stuff i dont have enough time to read now,176,5
youtube,rh8ycjPCj18,diabetes_mellitus_penjelasan_klinis,it is a awesome presentation.,1,0,2024-11-23T08:42:00Z,it is a awesome presentation,28,1
youtube,rh8ycjPCj18,diabetes_mellitus_penjelasan_klinis,Reminder to watch in full screen to avoid getting distracted with the comments,0,0,2024-11-19T12:11:14Z,reminder to watch in full screen to avoid getting distracted with the comments,78,0
youtube,rh8ycjPCj18,diabetes_mellitus_penjelasan_klinis,Very clear and organized information!,0,0,2024-11-15T18:58:55Z,very clear and organized information,36,0
youtube,rh8ycjPCj18,diabetes_mellitus_penjelasan_klinis,you look like a peanut from this view hehehehe,0,0,2024-11-14T17:42:36Z,you look like a peanut from this view hehehehe,46,0
youtube,rh8ycjPCj18,diabetes_mellitus_penjelasan_klinis,"Thanks for your dedication, love you",0,0,2024-11-13T08:54:07Z,thanks for your dedication love you,35,0
youtube,rh8ycjPCj18,diabetes_mellitus_penjelasan_klinis,Thank you!!!,0,0,2024-11-10T03:48:45Z,thank you,9,0
youtube,rh8ycjPCj18,diabetes_mellitus_penjelasan_klinis,Love from bottom of my heart ❤,1,0,2024-11-06T05:32:02Z,love from bottom of my heart,28,1
youtube,rh8ycjPCj18,diabetes_mellitus_penjelasan_klinis,Thanks a million❤,1,0,2024-11-02T19:16:25Z,thanks a million,16,1
youtube,rh8ycjPCj18,diabetes_mellitus_penjelasan_klinis,"Hey Zach, I really like the whiteboard but I&#39;m able to adjust to the new method. If you would continue making the arrows depicting the changes in activity/substances that lead to the symptoms would be very helpful. Seeing those arrows really help understand the concept and connect the disease from start to finish.",6,0,2024-11-01T14:22:42Z,hey zach i really like the whiteboard but im able to adjust to the new method if you would continue making the arrows depicting the changes in activitysubstances that lead to the symptoms would be very helpful seeing those arrows really help understand the concept and connect the disease from start to finish,309,6
youtube,rh8ycjPCj18,diabetes_mellitus_penjelasan_klinis,"I think its best to go on a diabetic diet...stay away from sugar, carbs,junk foods. Eat only whole foods. Do intermitent fasting. Exercise.  Stay away from diabetes drugs. The doctors and pharma companies want to make $$$ off of you. They dont care about you.",1,0,2024-11-01T02:22:26Z,i think its best to go on a diabetic dietstay away from sugar carbsjunk foods eat only whole foods do intermitent fasting exercise stay away from diabetes drugs the doctors and pharma companies want to make off of you they dont care about you,242,1
youtube,rh8ycjPCj18,diabetes_mellitus_penjelasan_klinis,I always clear the concept with your lectures!<br><br>Huge appreciation to the effort you made ❤<br><br>Keep it up😊,0,0,2024-10-31T16:43:40Z,i always clear the concept with your lectureshuge appreciation to the effort you made keep it up,96,0
youtube,rh8ycjPCj18,diabetes_mellitus_penjelasan_klinis,Loving it😊,0,0,2024-10-31T06:14:16Z,loving it,9,0
youtube,rh8ycjPCj18,diabetes_mellitus_penjelasan_klinis,Don&#39;t forget that DM2 insulin-dependent patients present as if they were DM1 patients. They have an &quot;equal&quot; risk of developing a DKA (got a case wrong in a test and that was the explanation).,1,1,2024-10-31T00:18:03Z,dont forget that dm insulindependent patients present as if they were dm patients they have an quotequalquot risk of developing a dka got a case wrong in a test and that was the explanation,189,2
youtube,rh8ycjPCj18,diabetes_mellitus_penjelasan_klinis,In other words: DM2 insulin-dependent patients are WAY more likely to present a DKA than those who are not.,0,0,2024-10-31T00:19:42Z,in other words dm insulindependent patients are way more likely to present a dka than those who are not,103,0
youtube,rh8ycjPCj18,diabetes_mellitus_penjelasan_klinis,Pls the board,1,0,2024-10-28T17:07:05Z,pls the board,13,1
youtube,rh8ycjPCj18,diabetes_mellitus_penjelasan_klinis,"Thank you so much,but please get back and use the white board..lts better and easier to understand",104,3,2024-10-28T01:30:01Z,thank you so muchbut please get back and use the white boardlts better and easier to understand,95,107
youtube,rh8ycjPCj18,diabetes_mellitus_penjelasan_klinis,Agree,1,0,2025-02-12T19:43:24Z,agree,5,1
youtube,rh8ycjPCj18,diabetes_mellitus_penjelasan_klinis,Agreee,0,0,2025-09-12T23:02:30Z,agreee,6,0
youtube,rh8ycjPCj18,diabetes_mellitus_penjelasan_klinis,Yesss,0,0,2026-02-25T16:05:59Z,yesss,5,0
youtube,rh8ycjPCj18,diabetes_mellitus_penjelasan_klinis,Thanks,0,0,2024-10-27T13:04:05Z,thanks,6,0
youtube,rh8ycjPCj18,diabetes_mellitus_penjelasan_klinis,We want whiteboard back,1,0,2024-10-27T05:56:00Z,we want whiteboard back,23,1
youtube,rh8ycjPCj18,diabetes_mellitus_penjelasan_klinis,As always the greatness of medicine comes in video,0,0,2024-10-24T21:31:17Z,as always the greatness of medicine comes in video,50,0
youtube,rh8ycjPCj18,diabetes_mellitus_penjelasan_klinis,My cousin Ho Lee Suk in China has diabetes. It is not good.,0,0,2024-10-24T18:11:15Z,my cousin ho lee suk in china has diabetes it is not good,57,0
youtube,rh8ycjPCj18,diabetes_mellitus_penjelasan_klinis,I prefer the board but grateful nonethless,0,0,2024-10-23T16:59:49Z,i prefer the board but grateful nonethless,42,0
youtube,rh8ycjPCj18,diabetes_mellitus_penjelasan_klinis,Can we get this in plain language please?,1,0,2024-10-21T14:59:32Z,can we get this in plain language please,40,1
youtube,rh8ycjPCj18,diabetes_mellitus_penjelasan_klinis,Please do with white bord that&#39;s very easy to understand than this,0,0,2024-10-19T15:07:26Z,please do with white bord thats very easy to understand than this,65,0
youtube,rh8ycjPCj18,diabetes_mellitus_penjelasan_klinis,Amazing as always ❤️,0,0,2024-10-18T10:01:23Z,amazing as always,17,0
youtube,rh8ycjPCj18,diabetes_mellitus_penjelasan_klinis,Thanks for the info. ❤,0,0,2024-10-17T18:19:21Z,thanks for the info,19,0
youtube,rh8ycjPCj18,diabetes_mellitus_penjelasan_klinis,Thanks a lot dr,0,0,2024-10-15T20:40:33Z,thanks a lot dr,15,0
youtube,rh8ycjPCj18,diabetes_mellitus_penjelasan_klinis,Thank you very much sir 💐,0,0,2024-10-15T12:31:46Z,thank you very much sir,23,0
youtube,rh8ycjPCj18,diabetes_mellitus_penjelasan_klinis,Please go back white board (I am from Pakistan)😢,0,0,2024-10-14T01:46:22Z,please go back white board i am from pakistan,45,0
youtube,rh8ycjPCj18,diabetes_mellitus_penjelasan_klinis,we need you to be standing up and explain it on a white board with your diagrams,30,0,2024-10-12T12:50:50Z,we need you to be standing up and explain it on a white board with your diagrams,80,30
youtube,rh8ycjPCj18,diabetes_mellitus_penjelasan_klinis,Planet Ayurveda&#39;s consultation and products helped me manage diabetes naturally!,0,0,2024-10-09T09:36:26Z,planet ayurvedas consultation and products helped me manage diabetes naturally,78,0
youtube,rh8ycjPCj18,diabetes_mellitus_penjelasan_klinis,thank you so much for your explanation :),0,0,2024-10-07T14:47:32Z,thank you so much for your explanation,38,0
youtube,rh8ycjPCj18,diabetes_mellitus_penjelasan_klinis,thank you sir for this great lecture,0,0,2024-10-07T00:18:12Z,thank you sir for this great lecture,36,0
youtube,rh8ycjPCj18,diabetes_mellitus_penjelasan_klinis,There was DKA vs HHS video of ninja nerd 🤔 now i can&#39;t find it does anybody know ??,0,0,2024-10-06T17:06:04Z,there was dka vs hhs video of ninja nerd now i cant find it does anybody know,77,0
youtube,rh8ycjPCj18,diabetes_mellitus_penjelasan_klinis,Is there any slide or sheets for this video or other videos 4 ninja? And thx,0,0,2024-10-06T12:46:51Z,is there any slide or sheets for this video or other videos ninja and thx,73,0
youtube,rh8ycjPCj18,diabetes_mellitus_penjelasan_klinis,I think DM needs to a longer lesson,0,0,2024-10-02T18:39:05Z,i think dm needs to a longer lesson,35,0
youtube,rh8ycjPCj18,diabetes_mellitus_penjelasan_klinis,Expalin on white board,0,0,2024-09-30T17:08:02Z,expalin on white board,22,0
youtube,rh8ycjPCj18,diabetes_mellitus_penjelasan_klinis,Can’t we give diabetic patients proteins more and more and less carbs to avoid elevating blood glucose level?,0,0,2024-09-26T14:07:25Z,cant we give diabetic patients proteins more and more and less carbs to avoid elevating blood glucose level,107,0
youtube,rh8ycjPCj18,diabetes_mellitus_penjelasan_klinis,Perfect <br>Thanks  for your lectures <br>I like them more than my medschool professor&#39;s classes. <br>Great job❤,2,0,2024-09-26T05:15:28Z,perfect thanks for your lectures i like them more than my medschool professors classes great job,96,2
youtube,rh8ycjPCj18,diabetes_mellitus_penjelasan_klinis,top,0,0,2024-09-24T21:37:14Z,top,3,0
youtube,rh8ycjPCj18,diabetes_mellitus_penjelasan_klinis,"I am med. student and a big fan of your presentations, my kind view on this particular video is the laughing that you do around the treatment approach for complications doesn&#39;t make sense and if you avoid it. It&#39;s not fair.",0,0,2024-09-24T18:28:11Z,i am med student and a big fan of your presentations my kind view on this particular video is the laughing that you do around the treatment approach for complications doesnt make sense and if you avoid it its not fair,217,0
youtube,rh8ycjPCj18,diabetes_mellitus_penjelasan_klinis,Does this video say that CKD results in a bump up in the GFR??,1,1,2024-09-22T15:53:12Z,does this video say that ckd results in a bump up in the gfr,60,2
youtube,rh8ycjPCj18,diabetes_mellitus_penjelasan_klinis,it does i was wondering that as well (wondering why it says that),0,0,2024-11-09T21:25:58Z,it does i was wondering that as well wondering why it says that,63,0
youtube,rh8ycjPCj18,diabetes_mellitus_penjelasan_klinis,Zach! i love you.,0,0,2024-09-21T10:01:51Z,zach i love you,15,0
youtube,rh8ycjPCj18,diabetes_mellitus_penjelasan_klinis,❤,0,0,2024-09-20T05:37:54Z,,0,0
youtube,rh8ycjPCj18,diabetes_mellitus_penjelasan_klinis,I recommend to say what does those abbreviations means,0,0,2024-09-19T21:39:48Z,i recommend to say what does those abbreviations means,54,0
youtube,rh8ycjPCj18,diabetes_mellitus_penjelasan_klinis,"I like this new method of teaching, not a time consumer and flow smoother",13,0,2024-09-19T20:51:47Z,i like this new method of teaching not a time consumer and flow smoother,72,13
youtube,rh8ycjPCj18,diabetes_mellitus_penjelasan_klinis,Love you from Ghana,0,0,2024-09-19T04:59:15Z,love you from ghana,19,0
youtube,rh8ycjPCj18,diabetes_mellitus_penjelasan_klinis,White board😢😢😢😢,0,0,2024-09-15T10:50:48Z,white board,11,0
youtube,rh8ycjPCj18,diabetes_mellitus_penjelasan_klinis,My PNS and ANS is fried ... So if I have a BM my sugar levels drop  how I see it is I damage my thoracic spine in 01 I got EBV that Triggered G.B.S with autonomic dysfunction in 09 ... I was drinking a lot of Coca-Cola unknown to me it was keeping autonomic Dysreflexia under control?? And this? In away! ... As im bowel triggered the caffeine would stimulate the the GI track and the supar would keep my level up...,0,0,2024-09-12T21:50:53Z,my pns and ans is fried so if i have a bm my sugar levels drop how i see it is i damage my thoracic spine in i got ebv that triggered gbs with autonomic dysfunction in i was drinking a lot of cocacola unknown to me it was keeping autonomic dysreflexia under control and this in away as im bowel triggered the caffeine would stimulate the the gi track and the supar would keep my level up,387,0
youtube,rh8ycjPCj18,diabetes_mellitus_penjelasan_klinis,Bring back the whiteboard pleaseeeee😭🙏🏻,8,0,2024-09-10T15:06:29Z,bring back the whiteboard pleaseeeee,36,8
youtube,rh8ycjPCj18,diabetes_mellitus_penjelasan_klinis,Wilson Laura Anderson Amy Williams Eric,0,0,2024-09-10T01:48:07Z,wilson laura anderson amy williams eric,39,0
youtube,rh8ycjPCj18,diabetes_mellitus_penjelasan_klinis,Thanks so much 🎉🎉🎉🎉❤❤❤,0,0,2024-09-09T17:49:43Z,thanks so much,14,0
youtube,rh8ycjPCj18,diabetes_mellitus_penjelasan_klinis,May Allah Guide you to islam,0,0,2024-09-07T11:57:12Z,may allah guide you to islam,28,0
youtube,rh8ycjPCj18,diabetes_mellitus_penjelasan_klinis,White Board was Gold It was Hell of a Big Boring Lecture . If diagrams were there This could&#39;ve been ur block buster of the year 🤟 But any ways you still Tried Your Heart out to teach us Thank yu Ninja sir ❤,0,0,2024-09-03T20:16:55Z,white board was gold it was hell of a big boring lecture if diagrams were there this couldve been ur block buster of the year but any ways you still tried your heart out to teach us thank yu ninja sir,200,0
youtube,rh8ycjPCj18,diabetes_mellitus_penjelasan_klinis,thank you so much for your help,0,0,2024-08-31T15:19:23Z,thank you so much for your help,31,0
youtube,rh8ycjPCj18,diabetes_mellitus_penjelasan_klinis,Fantastic lectures regardless of style. I could see this being better if you need more visualization or images instead of having to draw them but otherwise maybe make the pointer highlighter bigger or a darker colour to be more capturing since we do lose some of the interactiveness and body language you bring with the whiteboard,0,0,2024-08-26T14:29:28Z,fantastic lectures regardless of style i could see this being better if you need more visualization or images instead of having to draw them but otherwise maybe make the pointer highlighter bigger or a darker colour to be more capturing since we do lose some of the interactiveness and body language you bring with the whiteboard,329,0
youtube,rh8ycjPCj18,diabetes_mellitus_penjelasan_klinis,Sorry you are wrong I got TD1 @57 years old,0,0,2024-08-25T21:05:01Z,sorry you are wrong i got td years old,38,0
youtube,rh8ycjPCj18,diabetes_mellitus_penjelasan_klinis,❤❤,1,0,2024-08-16T05:20:44Z,,0,1
youtube,rh8ycjPCj18,diabetes_mellitus_penjelasan_klinis,"For Australian viewers who are new to studying, safe BGL levels here are 4-7.8 (DiabetesAustralia) mmol/L. American values are 72-108 mg/dL.<br>We measure mmol per litre &amp; they measure mg per deci liter.",0,0,2024-08-12T22:39:49Z,for australian viewers who are new to studying safe bgl levels here are diabetesaustralia mmoll american values are mgdlwe measure mmol per litre amp they measure mg per deci liter,180,0
youtube,rh8ycjPCj18,diabetes_mellitus_penjelasan_klinis,"Excellent video, thank you. One small correction—diabetic neuropathy is understood to be the result of direct axonal degeneration, with damage to Schwann cells being implicated to a lesser extent. See Feldman et al. (2019) and Statpearls",10,0,2024-08-11T12:08:41Z,excellent video thank you one small correctiondiabetic neuropathy is understood to be the result of direct axonal degeneration with damage to schwann cells being implicated to a lesser extent see feldman et al and statpearls,224,10
youtube,rh8ycjPCj18,diabetes_mellitus_penjelasan_klinis,what a lecture. You have just nailed it. thank you so much. 🤍,1,0,2024-08-10T08:43:18Z,what a lecture you have just nailed it thank you so much,56,1
youtube,rh8ycjPCj18,diabetes_mellitus_penjelasan_klinis,Sir are you tired of drawing in whiteboard.......latest updated contents may attract some viewers but traditional way of teaching has its own aroma,0,0,2024-07-29T16:50:07Z,sir are you tired of drawing in whiteboardlatest updated contents may attract some viewers but traditional way of teaching has its own aroma,140,0
youtube,rh8ycjPCj18,diabetes_mellitus_penjelasan_klinis,Honestly thank you ninja nerd,0,0,2024-07-29T13:06:45Z,honestly thank you ninja nerd,29,0
youtube,rh8ycjPCj18,diabetes_mellitus_penjelasan_klinis,Thank you sir,0,0,2024-07-28T01:08:14Z,thank you sir,13,0
youtube,rh8ycjPCj18,diabetes_mellitus_penjelasan_klinis,I dont get it<br><br>If in the type one these complete deficiency of insulin secretion <br>And in type 2 theres still insulin production but not as adequete<br><br>Then how is it possible that in type 2 theres more hyperglycemia compared to type 1(where there is NO insulin compared to insufficient amount in type 2),0,0,2024-07-25T13:57:45Z,i dont get itif in the type one these complete deficiency of insulin secretion and in type theres still insulin production but not as adequetethen how is it possible that in type theres more hyperglycemia compared to type where there is no insulin compared to insufficient amount in type,287,0
youtube,rh8ycjPCj18,diabetes_mellitus_penjelasan_klinis,Hell yeah love this!,0,0,2024-07-23T07:56:21Z,hell yeah love this,19,0
youtube,rh8ycjPCj18,diabetes_mellitus_penjelasan_klinis,"This method is better than the whiteboard. It&#39;s more organized and smoothly connected as well, hence you&#39;re able to teach faster than you did with the whiteboard.<br><br>I&#39;m glad for this teaching. Succinct and superb. As always, thank you so much 😁",6,0,2024-07-18T22:13:30Z,this method is better than the whiteboard its more organized and smoothly connected as well hence youre able to teach faster than you did with the whiteboardim glad for this teaching succinct and superb as always thank you so much,230,6
youtube,rh8ycjPCj18,diabetes_mellitus_penjelasan_klinis,Thanks and love you too &lt;3,0,0,2024-07-11T14:29:50Z,thanks and love you too lt,26,0
youtube,rh8ycjPCj18,diabetes_mellitus_penjelasan_klinis,thank you,0,0,2024-07-10T03:09:16Z,thank you,9,0
youtube,rh8ycjPCj18,diabetes_mellitus_penjelasan_klinis,❤❤❤,0,0,2024-07-09T15:39:00Z,,0,0
youtube,rh8ycjPCj18,diabetes_mellitus_penjelasan_klinis,"Thank you, thank you for this video, my daughter has T1D, (for 16 years), this is the most comprehensive explanation of DKA I’ve ever read/seen. When she was younger, she went in to DKA after a weekend with her father and he  didn’t care for her T1D needs. She came home very ill, and I immediately took met her endo. at the ER.😔 DKA is scary! And deadly.<br>And your explanation of the various types of insulin is excellent. Insulin pumps are getting better as far as closing the loop. For many years, I hacked her pump using open-source software (🙏)  to communicate with CGM/Dexcom (Looping), giving her much better glucose control, now that she’s older and Omnipods closed -loop system is getting better, she is using that system.  She no longer uses Humulog, Lumjeb works better for her. <br><br>I don’t mind your new whiteboard method, ignore the critics! Use what is best and easier for you! I’m very grateful for your videos.🙏💕🌟🌟🌟",1,1,2024-07-07T15:58:18Z,thank you thank you for this video my daughter has td for years this is the most comprehensive explanation of dka ive ever readseen when she was younger she went in to dka after a weekend with her father and he didnt care for her td needs she came home very ill and i immediately took met her endo at the er dka is scary and deadlyand your explanation of the various types of insulin is excellent insulin pumps are getting better as far as closing the loop for many years i hacked her pump using opensource software to communicate with cgmdexcom looping giving her much better glucose control now that shes older and omnipods closed loop system is getting better she is using that system she no longer uses humulog lumjeb works better for her i dont mind your new whiteboard method ignore the critics use what is best and easier for you im very grateful for your videos,869,2
youtube,rh8ycjPCj18,diabetes_mellitus_penjelasan_klinis,"And, it seems counterintuitive to increase insulin during DKA to close anion gap, which could lead to low BS level, then pt needs sugar to compensate for increase in Insulin … T1D freaking sucks.",0,0,2024-07-07T16:07:23Z,and it seems counterintuitive to increase insulin during dka to close anion gap which could lead to low bs level then pt needs sugar to compensate for increase in insulin td freaking sucks,188,0
youtube,rh8ycjPCj18,diabetes_mellitus_penjelasan_klinis,"Please, is there any video on diabetic emergency?",0,0,2024-07-05T11:47:48Z,please is there any video on diabetic emergency,47,0
youtube,rh8ycjPCj18,diabetes_mellitus_penjelasan_klinis,The board is so much better than this :/ Like this is more difficult to follow you,1,0,2024-07-03T10:40:29Z,the board is so much better than this like this is more difficult to follow you,79,1
youtube,rh8ycjPCj18,diabetes_mellitus_penjelasan_klinis,❤‍🩹thanku...\\\,0,0,2024-07-03T01:52:50Z,thanku,6,0
youtube,rh8ycjPCj18,diabetes_mellitus_penjelasan_klinis,Asante sanaa🎉,0,1,2024-07-02T23:26:19Z,asante sanaa,12,1
youtube,rh8ycjPCj18,diabetes_mellitus_penjelasan_klinis,Haina shida,0,0,2024-11-20T10:01:23Z,haina shida,11,0
youtube,rh8ycjPCj18,diabetes_mellitus_penjelasan_klinis,"In T2DM, how does glucose get into the cell to cause increased sorbitol when there is insulin resistance preventing glucose from being taken up by cells?",0,2,2024-07-02T04:50:07Z,in tdm how does glucose get into the cell to cause increased sorbitol when there is insulin resistance preventing glucose from being taken up by cells,150,2
youtube,rh8ycjPCj18,diabetes_mellitus_penjelasan_klinis,"Insuline resistance appears only in fat tissue and muscle, others sites with others glut receptors dont get the resistance.",1,0,2024-08-06T18:56:55Z,insuline resistance appears only in fat tissue and muscle others sites with others glut receptors dont get the resistance,121,1
youtube,rh8ycjPCj18,diabetes_mellitus_penjelasan_klinis,@joao09101 thanks,1,0,2024-08-06T21:02:37Z,joao thanks,11,1
youtube,rh8ycjPCj18,diabetes_mellitus_penjelasan_klinis,"Wow on the 30th minute, you can easily lower A1c with carb restriction without meds",0,0,2024-07-01T23:26:55Z,wow on the th minute you can easily lower ac with carb restriction without meds,79,0
youtube,rh8ycjPCj18,diabetes_mellitus_penjelasan_klinis,"10/10 lecture great stuff, would really appreciate it if you mentioned more investigations but otherwise a very well structured and taught lesson.",1,0,2024-06-27T12:50:03Z,lecture great stuff would really appreciate it if you mentioned more investigations but otherwise a very well structured and taught lesson,138,1
youtube,rh8ycjPCj18,diabetes_mellitus_penjelasan_klinis,now surgeon could finally mx DKA😎,0,0,2024-06-25T12:59:47Z,now surgeon could finally mx dka,32,0
youtube,rh8ycjPCj18,diabetes_mellitus_penjelasan_klinis,great lecture,0,0,2024-06-23T17:08:30Z,great lecture,13,0
youtube,rh8ycjPCj18,diabetes_mellitus_penjelasan_klinis,"<a href=""https://www.youtube.com/watch?v=rh8ycjPCj18&amp;t=1144"">19:04</a> I thought the problem is exactly the opposite 🙃",0,0,2024-06-23T11:26:44Z,i thought the problem is exactly the opposite,45,0
youtube,rh8ycjPCj18,diabetes_mellitus_penjelasan_klinis,"Thank you for taking your time and creating these medical lectures in the most comprehensive, yet easy-to-digest ways.",34,0,2024-06-18T21:40:55Z,thank you for taking your time and creating these medical lectures in the most comprehensive yet easytodigest ways,114,34
youtube,rh8ycjPCj18,diabetes_mellitus_penjelasan_klinis,This video made my physiology easy.Far better than books. Thanks a lot sir. I really understood the topic .It is well organized in a manner that we can understand without any confusion. Flow chart of diagnosis and treatment is awesome.👏👏👏👏👏👏👏👏👏👏👏Everything that we need about DM in one video. Great work sir. Hats off👍👍👍👍👍,2,0,2024-06-17T08:12:58Z,this video made my physiology easyfar better than books thanks a lot sir i really understood the topic it is well organized in a manner that we can understand without any confusion flow chart of diagnosis and treatment is awesomeeverything that we need about dm in one video great work sir hats off,298,2
youtube,rh8ycjPCj18,diabetes_mellitus_penjelasan_klinis,i honestly am fine with both the board and this . Im just here to learn and grateful for the help !,39,0,2024-06-16T20:17:11Z,i honestly am fine with both the board and this im just here to learn and grateful for the help,95,39
youtube,rh8ycjPCj18,diabetes_mellitus_penjelasan_klinis,Zach !! White board is better than this format,0,0,2024-06-15T12:35:08Z,zach white board is better than this format,43,0
youtube,rh8ycjPCj18,diabetes_mellitus_penjelasan_klinis,👏🏽,0,0,2024-06-12T00:09:21Z,,0,0
youtube,rh8ycjPCj18,diabetes_mellitus_penjelasan_klinis,Why do u delete the old video🙄🙄🙄,0,1,2024-06-11T17:04:24Z,why do u delete the old video,29,1
youtube,rh8ycjPCj18,diabetes_mellitus_penjelasan_klinis,It is in retired playlist not deleted,2,0,2024-06-11T18:28:45Z,it is in retired playlist not deleted,37,2
youtube,rh8ycjPCj18,diabetes_mellitus_penjelasan_klinis,"This is better than the whiteboard for meeeeeee, THANK U SO MUCH",3,0,2024-06-11T14:19:20Z,this is better than the whiteboard for meeeeeee thank u so much,63,3
youtube,rh8ycjPCj18,diabetes_mellitus_penjelasan_klinis,Thanks ! Very complete revision,0,0,2024-06-09T23:01:48Z,thanks very complete revision,29,0
youtube,rh8ycjPCj18,diabetes_mellitus_penjelasan_klinis,you Are second to none ❤,0,0,2024-06-09T21:29:36Z,you are second to none,22,0
youtube,rh8ycjPCj18,diabetes_mellitus_penjelasan_klinis,life saver,0,0,2024-06-08T09:13:49Z,life saver,10,0
youtube,rh8ycjPCj18,diabetes_mellitus_penjelasan_klinis,Please bring back the white board,0,0,2024-06-07T11:43:29Z,please bring back the white board,33,0
youtube,rh8ycjPCj18,diabetes_mellitus_penjelasan_klinis,"This is better than the white board, becoz here the information is more organized and flowing, which keeps me on track ...",1,0,2024-06-06T14:49:37Z,this is better than the white board becoz here the information is more organized and flowing which keeps me on track,116,1
youtube,rh8ycjPCj18,diabetes_mellitus_penjelasan_klinis,Thank you sir,0,0,2024-06-06T04:01:02Z,thank you sir,13,0
youtube,rh8ycjPCj18,diabetes_mellitus_penjelasan_klinis,"How do you differentiate acetone, metabolic acidosis and DKA if you carry the hla dr3 in child ?",0,0,2024-06-05T11:24:32Z,how do you differentiate acetone metabolic acidosis and dka if you carry the hla dr in child,92,0
youtube,rh8ycjPCj18,diabetes_mellitus_penjelasan_klinis,Can you please make a video about Celiac disease ? ❤,0,0,2024-06-05T11:05:38Z,can you please make a video about celiac disease,48,0
youtube,rh8ycjPCj18,diabetes_mellitus_penjelasan_klinis,Thank you! You are amazing.,0,0,2024-06-04T09:37:35Z,thank you you are amazing,25,0
youtube,rh8ycjPCj18,diabetes_mellitus_penjelasan_klinis,I am actually crying because I finally understand. Thank you.,0,0,2024-06-03T19:12:49Z,i am actually crying because i finally understand thank you,59,0
youtube,rh8ycjPCj18,diabetes_mellitus_penjelasan_klinis,Thank you Sir.. Understanding wasn&#39;t hard with this. Thank you!,0,0,2024-06-02T15:13:37Z,thank you sir understanding wasnt hard with this thank you,58,0
youtube,rh8ycjPCj18,diabetes_mellitus_penjelasan_klinis,"Youre literary an angel sent from God to us to provide us with your wisdom and your teaching talents. Thank you for all that you, May God keep blessing you in many different ways.",2,0,2024-05-29T01:22:25Z,youre literary an angel sent from god to us to provide us with your wisdom and your teaching talents thank you for all that you may god keep blessing you in many different ways,176,2
youtube,rh8ycjPCj18,diabetes_mellitus_penjelasan_klinis,Great,0,0,2024-05-25T20:28:42Z,great,5,0
youtube,rh8ycjPCj18,diabetes_mellitus_penjelasan_klinis,You lectures are directly going into the brain when you are explaining on whiteboard with your brilliant hands. So please keep up on whiteboard,57,1,2024-05-24T07:16:04Z,you lectures are directly going into the brain when you are explaining on whiteboard with your brilliant hands so please keep up on whiteboard,142,58
youtube,rh8ycjPCj18,diabetes_mellitus_penjelasan_klinis,"I agree, watching him write and draw helps my brain take in what he is saying. I know it is more hassle to film, but the writing is so helpful.",0,0,2025-11-25T16:53:51Z,i agree watching him write and draw helps my brain take in what he is saying i know it is more hassle to film but the writing is so helpful,139,0
youtube,rh8ycjPCj18,diabetes_mellitus_penjelasan_klinis,❤,0,0,2024-05-21T06:36:42Z,,0,0
youtube,rh8ycjPCj18,diabetes_mellitus_penjelasan_klinis,Clinical medicine lectures are life savers 😊,2,0,2024-05-21T06:35:45Z,clinical medicine lectures are life savers,42,2
youtube,rh8ycjPCj18,diabetes_mellitus_penjelasan_klinis,I think when managing type 2 Dm you should start with low dose metformin then taper up after 3 months based on A1C before adding a second OHGA?,0,0,2024-05-21T04:25:44Z,i think when managing type dm you should start with low dose metformin then taper up after months based on ac before adding a second ohga,137,0
youtube,rh8ycjPCj18,diabetes_mellitus_penjelasan_klinis,Amazing lecture!,0,0,2024-05-21T00:41:18Z,amazing lecture,15,0
youtube,rh8ycjPCj18,diabetes_mellitus_penjelasan_klinis,"Please turn to whiteboard, this format is boring",0,0,2024-05-20T17:40:34Z,please turn to whiteboard this format is boring,47,0
youtube,rh8ycjPCj18,diabetes_mellitus_penjelasan_klinis,White board still my favourite teaching way.. Regards,2,0,2024-05-16T21:48:18Z,white board still my favourite teaching way regards,51,2
youtube,rh8ycjPCj18,diabetes_mellitus_penjelasan_klinis,Please do the white board.<br>Great lecture.,2,0,2024-05-16T19:12:22Z,please do the white boardgreat lecture,38,2
youtube,rh8ycjPCj18,diabetes_mellitus_penjelasan_klinis,"The fonts on the presentation are so tiny and not clear, I prefer the white board",0,0,2024-05-15T05:02:14Z,the fonts on the presentation are so tiny and not clear i prefer the white board,80,0
youtube,rh8ycjPCj18,diabetes_mellitus_penjelasan_klinis,I love the squeaky whiteboard pens! :),0,0,2024-05-14T13:30:27Z,i love the squeaky whiteboard pens,34,0
youtube,rh8ycjPCj18,diabetes_mellitus_penjelasan_klinis,"You should add other types of diabetes in the future, particularly MODY and 3c. I suspect MODY is grossly underdiagnosed and thrown into the T2D or T1D types way too much!",0,0,2024-05-14T13:27:43Z,you should add other types of diabetes in the future particularly mody and c i suspect mody is grossly underdiagnosed and thrown into the td or td types way too much,165,0
youtube,rh8ycjPCj18,diabetes_mellitus_penjelasan_klinis,White board was better brother!,1,0,2024-05-12T18:14:18Z,white board was better brother,30,1
youtube,rh8ycjPCj18,diabetes_mellitus_penjelasan_klinis,Thankyou for these! You surely are a life saver. I love how easily these summary charts in your videos help me correlate it to a real life patient,0,0,2024-05-12T12:17:25Z,thankyou for these you surely are a life saver i love how easily these summary charts in your videos help me correlate it to a real life patient,144,0
youtube,rh8ycjPCj18,diabetes_mellitus_penjelasan_klinis,Love,0,0,2024-05-10T16:49:02Z,love,4,0
youtube,rh8ycjPCj18,diabetes_mellitus_penjelasan_klinis,Legend,0,0,2024-05-10T06:34:07Z,legend,6,0
youtube,rh8ycjPCj18,diabetes_mellitus_penjelasan_klinis,"thats cool but ... we want the board back :(( <a href=""http://www.youtube.com/results?search_query=%23oldschool"">#oldschool</a>",0,0,2024-05-09T22:04:29Z,thats cool but we want the board back oldschool,47,0
youtube,rh8ycjPCj18,diabetes_mellitus_penjelasan_klinis,"Thanks. The content and your clear presenting skills are brilliant. Also appreciate the modern, digital diagrams. Much more easier to absorb the complex  info.",1,1,2024-05-08T19:41:59Z,thanks the content and your clear presenting skills are brilliant also appreciate the modern digital diagrams much more easier to absorb the complex info,153,2
youtube,rh8ycjPCj18,diabetes_mellitus_penjelasan_klinis,You said it all👍,0,0,2024-06-02T15:15:39Z,you said it all,15,0
youtube,rh8ycjPCj18,diabetes_mellitus_penjelasan_klinis,"That&#39;s millions of times better than the board; the information is more organized here, and you&#39;re more at ease. Still, we have no complaints, as it&#39;s free.",238,4,2024-05-08T13:05:09Z,thats millions of times better than the board the information is more organized here and youre more at ease still we have no complaints as its free,147,242
youtube,rh8ycjPCj18,diabetes_mellitus_penjelasan_klinis,Very true,2,0,2024-11-20T09:58:42Z,very true,9,2
youtube,rh8ycjPCj18,diabetes_mellitus_penjelasan_klinis,"I feel like he is skimming in this format; theres none of the wonderful reiteration that makes the information stick so well.<br>Also, needs a different number font, Comic Sans is hard to differentiate numbers from letters.",12,0,2024-12-30T15:06:28Z,i feel like he is skimming in this format theres none of the wonderful reiteration that makes the information stick so wellalso needs a different number font comic sans is hard to differentiate numbers from letters,214,12
youtube,rh8ycjPCj18,diabetes_mellitus_penjelasan_klinis,"@RICDirector I hadn&#39;t really thought about it before, but it makes sense as so why I learn so well from his videos, I love the reiteration and summation, hearing 3 versions of varying detail before moving on really helps",4,0,2025-03-01T02:33:54Z,ricdirector i hadnt really thought about it before but it makes sense as so why i learn so well from his videos i love the reiteration and summation hearing versions of varying detail before moving on really helps,213,4
youtube,rh8ycjPCj18,diabetes_mellitus_penjelasan_klinis,"Organized but not clear, some of us can barely see!",0,0,2025-04-08T03:42:03Z,organized but not clear some of us can barely see,49,0
youtube,rh8ycjPCj18,diabetes_mellitus_penjelasan_klinis,Best ninja 🥷,0,0,2024-05-08T06:45:09Z,best ninja,10,0
youtube,rh8ycjPCj18,diabetes_mellitus_penjelasan_klinis,Please pleeeaassseeee revert ti the whiteboard that is what make ur identity 🥺🥺🥺🥺🥺💔💔,78,2,2024-05-07T15:27:21Z,please pleeeaassseeee revert ti the whiteboard that is what make ur identity,76,80
youtube,rh8ycjPCj18,diabetes_mellitus_penjelasan_klinis,True😢,0,0,2024-08-23T04:35:37Z,true,4,0
youtube,rh8ycjPCj18,diabetes_mellitus_penjelasan_klinis,it saves a lot of time and his energy 😒😒 plus he can deliver a lot of useful stuff in a short span . what stupidity is this revert to whiteboard we r fan of his concepts abd the way he explains it we all r medicos including him not picassos 🫠🫠 no offence though . Keep up the great wprk Zach love you❤❤,5,0,2025-02-12T09:26:09Z,it saves a lot of time and his energy plus he can deliver a lot of useful stuff in a short span what stupidity is this revert to whiteboard we r fan of his concepts abd the way he explains it we all r medicos including him not picassos no offence though keep up the great wprk zach love you,290,5
youtube,rh8ycjPCj18,diabetes_mellitus_penjelasan_klinis,Thankyou sir❤<br>New method is superb ❤,0,0,2024-05-07T15:26:44Z,thankyou sirnew method is superb,32,0
youtube,rh8ycjPCj18,diabetes_mellitus_penjelasan_klinis,thanks,0,0,2024-05-06T18:01:56Z,thanks,6,0
youtube,rh8ycjPCj18,diabetes_mellitus_penjelasan_klinis,love u,0,0,2024-05-06T18:01:46Z,love u,6,0
youtube,rh8ycjPCj18,diabetes_mellitus_penjelasan_klinis,This is a great video! Please consider doing a DKA and HHNS video! This would be extremely helpful as a new endocrine APN,2,0,2024-05-06T02:59:25Z,this is a great video please consider doing a dka and hhns video this would be extremely helpful as a new endocrine apn,119,2
youtube,rh8ycjPCj18,diabetes_mellitus_penjelasan_klinis,"Please let’s reverse back to the use of our white board learning module this would give us the real classroom room learning experience, something that really marked different than any other learning platforms( if so less) 😢 .",0,0,2024-05-05T13:06:43Z,please lets reverse back to the use of our white board learning module this would give us the real classroom room learning experience something that really marked different than any other learning platforms if so less,217,0
youtube,rh8ycjPCj18,diabetes_mellitus_penjelasan_klinis,thanks ninja 😊,0,0,2024-05-05T12:50:49Z,thanks ninja,12,0
youtube,rh8ycjPCj18,diabetes_mellitus_penjelasan_klinis,Great ❤...,0,0,2024-05-05T05:32:03Z,great,5,0
youtube,rh8ycjPCj18,diabetes_mellitus_penjelasan_klinis,Sir this method isn’t working like your previous method on white board sir please revert back to whiteboard plzzzzzzzzzz,0,0,2024-05-02T12:57:57Z,sir this method isnt working like your previous method on white board sir please revert back to whiteboard plzzzzzzzzzz,119,0
youtube,rh8ycjPCj18,diabetes_mellitus_penjelasan_klinis,"What about later stages of T2 diabetes where insulin production by the body is greatly decreased (or completely gone) and insensitivity is increased. For instance, what if someone came to the ER due to dizzy spells and an inability to walk short distances without fainting but previous to that hadent seen a doctor for over a decade. Would their T2 diabetes have progressed far enough to warrant lipolysis and ketone bodies in the blood since glucose wouldent be a viable source of energy anymore. Would we then see symptoms of DKA in T2 diabetics similarly to T1 diabetics? My thought process is that there would be protein and glucose loss through glomerular damage which would pull water from the system. Patient becomes dehydrated and begins exhibiting orthostatic tachycardia and only visits the ER when the issues become prevalent enough.",0,0,2024-05-02T07:03:23Z,what about later stages of t diabetes where insulin production by the body is greatly decreased or completely gone and insensitivity is increased for instance what if someone came to the er due to dizzy spells and an inability to walk short distances without fainting but previous to that hadent seen a doctor for over a decade would their t diabetes have progressed far enough to warrant lipolysis and ketone bodies in the blood since glucose wouldent be a viable source of energy anymore would we then see symptoms of dka in t diabetics similarly to t diabetics my thought process is that there would be protein and glucose loss through glomerular damage which would pull water from the system patient becomes dehydrated and begins exhibiting orthostatic tachycardia and only visits the er when the issues become prevalent enough,831,0
youtube,rh8ycjPCj18,diabetes_mellitus_penjelasan_klinis,Thanks!,1,0,2024-05-01T19:04:20Z,thanks,6,1
youtube,rh8ycjPCj18,diabetes_mellitus_penjelasan_klinis,Very helpful. Thank you,0,0,2024-04-30T15:25:48Z,very helpful thank you,22,0
youtube,rh8ycjPCj18,diabetes_mellitus_penjelasan_klinis,"<a href=""https://www.youtube.com/watch?v=rh8ycjPCj18&amp;t=531"">8:51</a>",0,0,2024-04-29T17:37:28Z,,0,0
youtube,rh8ycjPCj18,diabetes_mellitus_penjelasan_klinis,❤❤,1,0,2024-04-28T17:14:39Z,,0,1
youtube,rh8ycjPCj18,diabetes_mellitus_penjelasan_klinis,Can anyone please give me pdf of this class!?,7,0,2024-04-27T16:34:55Z,can anyone please give me pdf of this class,43,7
youtube,rh8ycjPCj18,diabetes_mellitus_penjelasan_klinis,Where is Old DKA video 👀💔,0,0,2024-04-22T22:25:06Z,where is old dka video,22,0
youtube,rh8ycjPCj18,diabetes_mellitus_penjelasan_klinis,"Sir,You didn&#39;t include 1.5KPD and 1.5 LADA",0,0,2024-04-22T18:08:18Z,siryou didnt include kpd and lada,33,0
youtube,rh8ycjPCj18,diabetes_mellitus_penjelasan_klinis,Where is the dka vs hhs video? Once watched but not seeing it anymore,5,0,2024-04-22T08:23:15Z,where is the dka vs hhs video once watched but not seeing it anymore,68,5
youtube,rh8ycjPCj18,diabetes_mellitus_penjelasan_klinis,"Please turn to whiteboard,this format is boring",2,2,2024-04-21T07:59:46Z,please turn to whiteboardthis format is boring,46,4
youtube,rh8ycjPCj18,diabetes_mellitus_penjelasan_klinis,"Please be appreciative for the time, effort and costs of a thoughtful and generous teaching presentation.",1,0,2024-04-30T14:27:24Z,please be appreciative for the time effort and costs of a thoughtful and generous teaching presentation,103,1
youtube,rh8ycjPCj18,diabetes_mellitus_penjelasan_klinis,​@charmondkingren2105I get you but white board is the best,0,0,2024-12-27T14:18:32Z,charmondkingreni get you but white board is the best,52,0
youtube,rh8ycjPCj18,diabetes_mellitus_penjelasan_klinis,Thank you very much!,1,0,2024-04-19T20:09:17Z,thank you very much,19,1
youtube,rh8ycjPCj18,diabetes_mellitus_penjelasan_klinis,"This clinical medicine lectures are Awesome,keep them coming,,Thank you",3,0,2024-04-19T15:44:02Z,this clinical medicine lectures are awesomekeep them comingthank you,68,3
youtube,rh8ycjPCj18,diabetes_mellitus_penjelasan_klinis,Honestly AMAZING!! LOVING this new series - thank you so so much :)),1,0,2024-04-18T09:39:46Z,honestly amazing loving this new series thank you so so much,60,1
youtube,rh8ycjPCj18,diabetes_mellitus_penjelasan_klinis,I absolutely love your videos. You aid me in actually understanding the foundation to things.,5,0,2024-04-17T16:25:17Z,i absolutely love your videos you aid me in actually understanding the foundation to things,91,5
youtube,rh8ycjPCj18,diabetes_mellitus_penjelasan_klinis,Great work ❤,1,0,2024-04-15T22:48:48Z,great work,10,1
youtube,rh8ycjPCj18,diabetes_mellitus_penjelasan_klinis,God bless you,1,0,2024-04-15T20:51:51Z,god bless you,13,1
youtube,rh8ycjPCj18,diabetes_mellitus_penjelasan_klinis,YOOU ARE LİFE SAVIOR,2,0,2024-04-14T13:12:21Z,yoou are life savior,20,2
youtube,rh8ycjPCj18,diabetes_mellitus_penjelasan_klinis,"Also the levels of sorbitol increase due to a dysfunction of the enzyme SORBITOL DEHYDROGENASE, which converts sorbitol to fructose.",1,0,2024-04-11T09:24:20Z,also the levels of sorbitol increase due to a dysfunction of the enzyme sorbitol dehydrogenase which converts sorbitol to fructose,130,1
youtube,rh8ycjPCj18,diabetes_mellitus_penjelasan_klinis,"Im from kurdistan and i want to say thank you sooo much for your detail information ,Im in dental collage  🦷 and needed your information to understand .✨✨🙌🏼",3,0,2024-04-09T09:15:51Z,im from kurdistan and i want to say thank you sooo much for your detail information im in dental collage and needed your information to understand,146,3
youtube,rh8ycjPCj18,diabetes_mellitus_penjelasan_klinis,Zach if u don’t mind …<br>I want to enter your brain to see how he made any topic easy &amp; digestible to be understood<br>Thanks 👏🏻,173,1,2024-04-06T22:33:20Z,zach if u dont mind i want to enter your brain to see how he made any topic easy amp digestible to be understoodthanks,118,174
youtube,rh8ycjPCj18,diabetes_mellitus_penjelasan_klinis,😮​@T.J.1033,0,0,2025-01-04T14:33:15Z,tj,2,0
youtube,rh8ycjPCj18,diabetes_mellitus_penjelasan_klinis,Chalk and talk is better not this,0,0,2024-04-03T07:46:12Z,chalk and talk is better not this,33,0
youtube,rh8ycjPCj18,diabetes_mellitus_penjelasan_klinis,Please revert back to the original whiteboard    Easy to get bored with thus this format.,565,16,2024-04-03T07:10:12Z,please revert back to the original whiteboard easy to get bored with thus this format,85,581
youtube,rh8ycjPCj18,diabetes_mellitus_penjelasan_klinis,Yes please,8,0,2024-04-26T02:38:28Z,yes please,10,8
youtube,rh8ycjPCj18,diabetes_mellitus_penjelasan_klinis,I agree,10,0,2024-04-26T03:06:36Z,i agree,7,10
youtube,rh8ycjPCj18,diabetes_mellitus_penjelasan_klinis,PLEASE 🙏,7,0,2024-04-29T20:06:57Z,please,6,7
youtube,rh8ycjPCj18,diabetes_mellitus_penjelasan_klinis,Pls sir,5,0,2024-05-01T10:42:37Z,pls sir,7,5
youtube,rh8ycjPCj18,diabetes_mellitus_penjelasan_klinis,"No! This format is clearer, only that it should be larger, as we don&#39;t see anything.",25,0,2024-05-11T14:40:08Z,no this format is clearer only that it should be larger as we dont see anything,79,25
youtube,rh8ycjPCj18,diabetes_mellitus_penjelasan_klinis,The best always! Thank you!,1,0,2024-03-29T00:32:45Z,the best always thank you,25,1
youtube,rh8ycjPCj18,diabetes_mellitus_penjelasan_klinis,In DKA even if the AG is closed don&#39;t you want to continue the ins gtt until the BG&#39;s are stable for 24hrs or ar least 3 BG&#39;s &lt;180 before switchiing to BB insulin?,0,0,2024-03-28T15:04:48Z,in dka even if the ag is closed dont you want to continue the ins gtt until the bgs are stable for hrs or ar least bgs lt before switchiing to bb insulin,153,0
youtube,rh8ycjPCj18,diabetes_mellitus_penjelasan_klinis,"A1c must be &gt; 6.5 to establish diabetes?  🤔<br><br>How many eyes,  feet, kidneys, etc., would be put at risk by this high bar?",1,0,2024-03-26T14:31:26Z,ac must be gt to establish diabetes how many eyes feet kidneys etc would be put at risk by this high bar,104,1
youtube,rh8ycjPCj18,diabetes_mellitus_penjelasan_klinis,Make a playlist with all the clinical videos please,2,0,2024-03-23T19:13:05Z,make a playlist with all the clinical videos please,51,2
youtube,rh8ycjPCj18,diabetes_mellitus_penjelasan_klinis,Thank youuu🎉 I like the clinical med videos so much,1,0,2024-03-23T18:55:38Z,thank youuu i like the clinical med videos so much,50,1
youtube,rh8ycjPCj18,diabetes_mellitus_penjelasan_klinis,marry me🥹🤎,1,0,2024-03-22T18:10:59Z,marry me,8,1
youtube,rh8ycjPCj18,diabetes_mellitus_penjelasan_klinis,Will there be notes posted soon for this?,1,0,2024-03-22T07:19:55Z,will there be notes posted soon for this,40,1
youtube,rh8ycjPCj18,diabetes_mellitus_penjelasan_klinis,Hey! i would love to see a DKA vs HHS video please! I am studying for my PCCN. i  love watching your videos because i can actually understand the &quot;why&quot; behind things. thanks for all your time put into these videos!,11,1,2024-03-20T19:26:27Z,hey i would love to see a dka vs hhs video please i am studying for my pccn i love watching your videos because i can actually understand the quotwhyquot behind things thanks for all your time put into these videos,214,12
youtube,rh8ycjPCj18,diabetes_mellitus_penjelasan_klinis,He has one video published long time ago when i was still in med school.,3,0,2024-06-11T07:42:38Z,he has one video published long time ago when i was still in med school,71,3
youtube,rh8ycjPCj18,diabetes_mellitus_penjelasan_klinis,Süper,0,0,2024-03-20T10:12:36Z,süper,5,0
youtube,rh8ycjPCj18,diabetes_mellitus_penjelasan_klinis,This is an awesome video. Very helpful and understandable. I just want to say that I prefer the board videos where you explain more detailly. But you are the best ❤,38,0,2024-03-19T21:52:58Z,this is an awesome video very helpful and understandable i just want to say that i prefer the board videos where you explain more detailly but you are the best,159,38
youtube,rh8ycjPCj18,diabetes_mellitus_penjelasan_klinis,"ZACH, please make more of the &quot;study case&quot; playlist!<br>IT&#39;S UNDERSTANDABLE AND MAKE SENSE A LOT!<br>i&#39;m looking forward to see more of the playlist! <br>Keep it up, God bless you!",32,0,2024-03-18T12:32:22Z,zach please make more of the quotstudy casequot playlistits understandable and make sense a lotim looking forward to see more of the playlist keep it up god bless you,166,32
youtube,rh8ycjPCj18,diabetes_mellitus_penjelasan_klinis,Thank you  so much,1,0,2024-03-17T16:29:56Z,thank you so much,17,1
youtube,rh8ycjPCj18,diabetes_mellitus_penjelasan_klinis,Like always great,1,0,2024-03-17T00:28:07Z,like always great,17,1
youtube,rh8ycjPCj18,diabetes_mellitus_penjelasan_klinis,This really came at the right time ! Thank youuuu,2,0,2024-03-16T14:08:20Z,this really came at the right time thank youuuu,47,2
youtube,rh8ycjPCj18,diabetes_mellitus_penjelasan_klinis,How many views does it have now?,1,2,2024-03-16T05:30:29Z,how many views does it have now,31,3
youtube,rh8ycjPCj18,diabetes_mellitus_penjelasan_klinis,1.2k,0,0,2024-03-16T05:30:43Z,k,1,0
youtube,rh8ycjPCj18,diabetes_mellitus_penjelasan_klinis,12k,0,0,2024-03-28T20:25:54Z,k,1,0
youtube,rh8ycjPCj18,diabetes_mellitus_penjelasan_klinis,"this is soo good, described everything from pathology to how it impacts everyday clinical scenarios. thank you a bunch",22,0,2024-03-16T02:04:54Z,this is soo good described everything from pathology to how it impacts everyday clinical scenarios thank you a bunch,116,22
youtube,rh8ycjPCj18,diabetes_mellitus_penjelasan_klinis,Thanks for uploading 3 dyas before my exam,9,0,2024-03-15T19:03:45Z,thanks for uploading dyas before my exam,40,9
youtube,rh8ycjPCj18,diabetes_mellitus_penjelasan_klinis,Thanks,1,0,2024-03-15T08:53:00Z,thanks,6,1
youtube,rh8ycjPCj18,diabetes_mellitus_penjelasan_klinis,I can&#39;t see clinical medicine playlist? Sir,1,0,2024-03-15T05:01:57Z,i cant see clinical medicine playlist sir,41,1
youtube,rh8ycjPCj18,diabetes_mellitus_penjelasan_klinis,Oh just realized Zach renewed the diabetes video. That&#39;s cool!,1,0,2024-03-15T04:05:10Z,oh just realized zach renewed the diabetes video thats cool,59,1
youtube,rh8ycjPCj18,diabetes_mellitus_penjelasan_klinis,❤❤❤❤,1,0,2024-03-14T10:53:34Z,,0,1
youtube,rh8ycjPCj18,diabetes_mellitus_penjelasan_klinis,Thanks a lot  for breaking it into digestible chunks!!,9,0,2024-03-13T19:39:27Z,thanks a lot for breaking it into digestible chunks,51,9
youtube,rh8ycjPCj18,diabetes_mellitus_penjelasan_klinis,"Great video, thanks Ninja Nerd!",1,0,2024-03-13T03:16:18Z,great video thanks ninja nerd,29,1
youtube,rh8ycjPCj18,diabetes_mellitus_penjelasan_klinis,"<a href=""https://www.youtube.com/watch?v=rh8ycjPCj18&amp;t=477"">7:57</a> - Why can glucose not be utilised in diabetes? Surely the high glucose content in the blood doesnt require insulin to enter cells via facilitated diffusion using GLUT1 receptors? What is meant here by not being able to utilise carbohydrates?",2,2,2024-03-12T22:52:29Z,why can glucose not be utilised in diabetes surely the high glucose content in the blood doesnt require insulin to enter cells via facilitated diffusion using glut receptors what is meant here by not being able to utilise carbohydrates,235,4
youtube,rh8ycjPCj18,diabetes_mellitus_penjelasan_klinis,"I think that GLUT1 alone cannot provide enough glucose for some tissues to use, for example muscular tissue. That&#39;s why insulin reduction determines metabolic switch to lipolysis.",2,0,2024-03-25T18:35:20Z,i think that glut alone cannot provide enough glucose for some tissues to use for example muscular tissue thats why insulin reduction determines metabolic switch to lipolysis,174,2
youtube,rh8ycjPCj18,diabetes_mellitus_penjelasan_klinis,"Because the insuline resistance , the receptor cannot be acctivated properly and GLUT molecules cannot go into the membrane",1,0,2024-04-16T10:14:54Z,because the insuline resistance the receptor cannot be acctivated properly and glut molecules cannot go into the membrane,121,1
youtube,rh8ycjPCj18,diabetes_mellitus_penjelasan_klinis,Look what I found! A fresh video! Thank you for your efforts!,23,0,2024-03-12T14:47:32Z,look what i found a fresh video thank you for your efforts,58,23
youtube,rh8ycjPCj18,diabetes_mellitus_penjelasan_klinis,I&#39;m pratheesh from India (Tamil Nadu).big fan of you sir.say one hii sir..,36,2,2024-03-12T00:50:58Z,im pratheesh from india tamil nadubig fan of you sirsay one hii sir,67,38
youtube,rh8ycjPCj18,diabetes_mellitus_penjelasan_klinis,Why are you every where bro ?😂,9,0,2024-03-23T15:10:16Z,why are you every where bro,27,9
youtube,rh8ycjPCj18,diabetes_mellitus_penjelasan_klinis,​@ok61😂😂😂😂😂😂😂😂😂09,1,0,2024-08-23T04:36:26Z,ok,2,1
youtube,rh8ycjPCj18,diabetes_mellitus_penjelasan_klinis,Look who comes back💥💥❤,1,0,2024-03-11T23:17:51Z,look who comes back,19,1
