ID Order,LINK URL,Harga,Judul Produk,Rating Produk,Terjual,image,image2,image3,Kota Penjual,Sisa Produk,Size Produk,Harga Ongkir,Total Barang
1772608412-1,https://www.tokopedia.com/tokokarungjantan-193/product,Rp85.000,“ NIFTY PUFF “ OVERSIZE T-SHIRT | BAJU KAOS OVERSIZE PRIA DISTRO | BAJU KAOS OVERSIZE LENGAN PENDEK,4.7,nan,https://lf-web-assets.tokopedia-static.net/obj/tokopedia-web-sg/zeus_v2/85cc883d.svg,https://lf-web-assets.tokopedia-static.net/obj/tokopedia-web-sg/zeus_v2/ae78c469.svg,https://lf-web-assets.tokopedia-static.net/obj/tokopedia-web-sg/zeus_v2/2e112467.svg,Kota Denpasar,nan,"S

M

L

XL",nan,nan
1772608416-2,https://www.tokopedia.com/tokokarungjantan-193/product,Rp85.000,“ UNCERTAIN PUFF “ OVERSIZE T-SHIRT | BAJU KAOS OVERSIZE PRIA DISTRO | BAJU KAOS OVERSIZE LENGAN PENDEK,4.8,nan,https://lf-web-assets.tokopedia-static.net/obj/tokopedia-web-sg/zeus_v2/85cc883d.svg,https://lf-web-assets.tokopedia-static.net/obj/tokopedia-web-sg/zeus_v2/ae78c469.svg,https://lf-web-assets.tokopedia-static.net/obj/tokopedia-web-sg/zeus_v2/2e112467.svg,Kota Denpasar,nan,nan,nan,nan
1772608419-3,https://www.tokopedia.com/tokokarungjantan-193/product,Rp91.000,""" VOLUME 4 "" SLINGBAG | TAS SELEMPANG | TAS BAHU PRIA",5.0,nan,https://lf-web-assets.tokopedia-static.net/obj/tokopedia-web-sg/zeus_v2/85cc883d.svg,https://lf-web-assets.tokopedia-static.net/obj/tokopedia-web-sg/zeus_v2/ae78c469.svg,https://lf-web-assets.tokopedia-static.net/obj/tokopedia-web-sg/zeus_v2/2e112467.svg,Kota Denpasar,nan,nan,nan,nan
1772608427-4,https://www.tokopedia.com/tokokarungjantan-193/product,Rp85.000,“ PATH PUFF “ OVERSIZE T-SHIRT | BAJU KAOS OVERSIZE PRIA DISTRO | BAJU KAOS OVERSIZE LENGAN PENDEK,4.6,nan,https://lf-web-assets.tokopedia-static.net/obj/tokopedia-web-sg/zeus_v2/85cc883d.svg,https://lf-web-assets.tokopedia-static.net/obj/tokopedia-web-sg/zeus_v2/ae78c469.svg,https://lf-web-assets.tokopedia-static.net/obj/tokopedia-web-sg/zeus_v2/2e112467.svg,Kota Denpasar,Sisa 8,"S

M

L

XL",Ongkir Rp17.000,"285

total barang"
1772608433-5,https://www.tokopedia.com/tokokarungjantan-193/product,Rp58.000,“ VOLUME 2 ” KACAMATA KRGJNTN | SUN GLASSES | KACAMATA DISTRO,4.2,nan,https://lf-web-assets.tokopedia-static.net/obj/tokopedia-web-sg/zeus_v2/85cc883d.svg,https://lf-web-assets.tokopedia-static.net/obj/tokopedia-web-sg/zeus_v2/ae78c469.svg,https://lf-web-assets.tokopedia-static.net/obj/tokopedia-web-sg/zeus_v2/2e112467.svg,Kota Denpasar,Sisa 4,nan,Ongkir Rp17.000,"285

total barang"
1772608443-6,https://www.tokopedia.com/tokokarungjantan-193/product,Rp162.000,""" VOLUME 2 "" ZIPPER HOODIE BOXY | ZIPPER HOODIE BOXY PRIA DISTRO",4.7,nan,https://lf-web-assets.tokopedia-static.net/obj/tokopedia-web-sg/zeus_v2/85cc883d.svg,https://lf-web-assets.tokopedia-static.net/obj/tokopedia-web-sg/zeus_v2/ae78c469.svg,https://lf-web-assets.tokopedia-static.net/obj/tokopedia-web-sg/zeus_v2/2e112467.svg,Kota Denpasar,Sisa 8,"S

M

L

XL",Ongkir Rp17.000,"285

total barang"
1772608450-7,https://www.tokopedia.com/tokokarungjantan-193/product,Rp225.000,WORK JACKET SUEDE | JACKET WORK SUEDE PRIA,4.8,nan,https://lf-web-assets.tokopedia-static.net/obj/tokopedia-web-sg/zeus_v2/85cc883d.svg,https://lf-web-assets.tokopedia-static.net/obj/tokopedia-web-sg/zeus_v2/ae78c469.svg,https://lf-web-assets.tokopedia-static.net/obj/tokopedia-web-sg/zeus_v2/2e112467.svg,Kota Denpasar,Sisa 3,"S

M

L

XL",Ongkir Rp17.000,"285

total barang"
1772608457-8,https://www.tokopedia.com/tokokarungjantan-193/product,Rp20.000,SLAYER | BANDANA | SCARFT,4.8,nan,https://lf-web-assets.tokopedia-static.net/obj/tokopedia-web-sg/zeus_v2/85cc883d.svg,https://lf-web-assets.tokopedia-static.net/obj/tokopedia-web-sg/zeus_v2/ae78c469.svg,https://lf-web-assets.tokopedia-static.net/obj/tokopedia-web-sg/zeus_v2/2e112467.svg,Kota Denpasar,79,nan,Ongkir Rp17.000,"285

total barang"
1772608461-9,https://www.tokopedia.com/tokokarungjantan-193/product,Rp153.000,""" VOLUME 3 "" JUMPER HOODIE BOXY | JUMPER HOODIE BOXY PRIA DISTRO",4.8,nan,https://lf-web-assets.tokopedia-static.net/obj/tokopedia-web-sg/zeus_v2/85cc883d.svg,https://lf-web-assets.tokopedia-static.net/obj/tokopedia-web-sg/zeus_v2/ae78c469.svg,https://lf-web-assets.tokopedia-static.net/obj/tokopedia-web-sg/zeus_v2/2e112467.svg,Kota Denpasar,Sisa 2,"S

M

L

XL",nan,nan
1772608470-10,https://www.tokopedia.com/tokokarungjantan-193/product,Rp99.000,SLINGBAG BULAT JUMBO | TAS SELEMPANG BULAT JUMBO | TAS BAHU PRIA DISTRO,,4 terjual,https://lf-web-assets.tokopedia-static.net/obj/tokopedia-web-sg/zeus_v2/85cc883d.svg,https://lf-web-assets.tokopedia-static.net/obj/tokopedia-web-sg/zeus_v2/ae78c469.svg,nan,Kota Denpasar,Sisa 1,nan,nan,nan
1772608494-11,https://www.tokopedia.com/tokokarungjantan-193/product,Rp82.000,“ TORMENT “ OVERSIZE T-SHIRT | BAJU KAOS OVERSIZE PRIA DISTRO | BAJU KAOS OVERSIZE LENGAN PENDEK,4.8,nan,https://lf-web-assets.tokopedia-static.net/obj/tokopedia-web-sg/zeus_v2/85cc883d.svg,https://lf-web-assets.tokopedia-static.net/obj/tokopedia-web-sg/zeus_v2/ae78c469.svg,https://lf-web-assets.tokopedia-static.net/obj/tokopedia-web-sg/zeus_v2/2e112467.svg,Kota Denpasar,30,"S

M

L

XL",Ongkir Rp17.000,"285

total barang"
1772608635-12,https://www.tokopedia.com/tokokarungjantan-193/product,Rp146.000,"[ NEW PRODUCT ] "" VOLUME 1 "" OVERSIZE BASIC SHIRT | KEMEJA POLOS OVERSIZE LINEN",4.8,nan,https://lf-web-assets.tokopedia-static.net/obj/tokopedia-web-sg/zeus_v2/85cc883d.svg,https://lf-web-assets.tokopedia-static.net/obj/tokopedia-web-sg/zeus_v2/ae78c469.svg,https://lf-web-assets.tokopedia-static.net/obj/tokopedia-web-sg/zeus_v2/2e112467.svg,Kota Denpasar,nan,nan,nan,nan
1772608647-13,https://www.tokopedia.com/tokokarungjantan-193/product,Rp145.000,"[ NEW PRODUCT ] "" VOLUME 1 "" LOOSEPANT LINEN | CELANA PANJANG LINEN | CELANA PANJANG PRIA",4.6,nan,https://lf-web-assets.tokopedia-static.net/obj/tokopedia-web-sg/zeus_v2/85cc883d.svg,https://lf-web-assets.tokopedia-static.net/obj/tokopedia-web-sg/zeus_v2/ae78c469.svg,https://lf-web-assets.tokopedia-static.net/obj/tokopedia-web-sg/zeus_v2/2e112467.svg,Kota Denpasar,Sisa 1,"M

L

XL",Ongkir Rp17.000,"285

total barang"
1772608651-14,https://www.tokopedia.com/tokokarungjantan-193/product,Rp85.000,""" VOLUME 1 "" SWEATPANT UNFINISH | CELANA PENDEK PRIA",4.8,nan,https://lf-web-assets.tokopedia-static.net/obj/tokopedia-web-sg/zeus_v2/85cc883d.svg,https://lf-web-assets.tokopedia-static.net/obj/tokopedia-web-sg/zeus_v2/ae78c469.svg,https://lf-web-assets.tokopedia-static.net/obj/tokopedia-web-sg/zeus_v2/2e112467.svg,Kota Denpasar,26,"M

L

XL",Ongkir Rp17.000,"285

total barang"
1772608655-15,https://www.tokopedia.com/tokokarungjantan-193/product,Rp51.000,""" VOLUME 1 "" SINGLET PRIA | KAOS DALAM PRIA | SINGLET PRIA POLOS",5.0,nan,https://lf-web-assets.tokopedia-static.net/obj/tokopedia-web-sg/zeus_v2/85cc883d.svg,https://lf-web-assets.tokopedia-static.net/obj/tokopedia-web-sg/zeus_v2/ae78c469.svg,https://lf-web-assets.tokopedia-static.net/obj/tokopedia-web-sg/zeus_v2/2e112467.svg,Kota Denpasar,61,"M

L

XL",nan,nan
1772608660-16,https://www.tokopedia.com/tokokarungjantan-193/product,Rp85.000,“ STEADY PUFF “ OVERSIZE T-SHIRT | BAJU KAOS OVERSIZE PRIA DISTRO | BAJU KAOS OVERSIZE LENGAN PENDEK,4.7,nan,https://lf-web-assets.tokopedia-static.net/obj/tokopedia-web-sg/zeus_v2/85cc883d.svg,https://lf-web-assets.tokopedia-static.net/obj/tokopedia-web-sg/zeus_v2/ae78c469.svg,https://lf-web-assets.tokopedia-static.net/obj/tokopedia-web-sg/zeus_v2/2e112467.svg,Kota Denpasar,42,"S

M

L

XL",nan,nan
1772608665-17,https://www.tokopedia.com/tokokarungjantan-193/product,Rp82.000,“ PATHWAY “ OVERSIZE T-SHIRT | BAJU KAOS OVERSIZE PRIA DISTRO | BAJU KAOS OVERSIZE LENGAN PENDEK,4.7,nan,https://lf-web-assets.tokopedia-static.net/obj/tokopedia-web-sg/zeus_v2/85cc883d.svg,https://lf-web-assets.tokopedia-static.net/obj/tokopedia-web-sg/zeus_v2/ae78c469.svg,https://lf-web-assets.tokopedia-static.net/obj/tokopedia-web-sg/zeus_v2/2e112467.svg,Kota Denpasar,Sisa 4,"S

M

L

XL",Ongkir Rp17.000,"285

total barang"
1772608668-18,https://www.tokopedia.com/tokokarungjantan-193/product,Rp111.000,LONGPANT STRAIGHT | CELANA PANJANG STRAIGHT PRIA,5.0,nan,https://lf-web-assets.tokopedia-static.net/obj/tokopedia-web-sg/zeus_v2/85cc883d.svg,https://lf-web-assets.tokopedia-static.net/obj/tokopedia-web-sg/zeus_v2/ae78c469.svg,https://lf-web-assets.tokopedia-static.net/obj/tokopedia-web-sg/zeus_v2/2e112467.svg,Kota Denpasar,Sisa 10,"28

30

32

34",Ongkir Rp17.000,"285

total barang"
1772608672-19,https://www.tokopedia.com/tokokarungjantan-193/product,Rp78.000,""" 192 PUFF "" BOXY GRAPHIC OVERSIZE T-SHIRT | BAJU KAOS OVERSIZE BOXY GRAPHIC PRIA",4.7,nan,https://lf-web-assets.tokopedia-static.net/obj/tokopedia-web-sg/zeus_v2/85cc883d.svg,https://lf-web-assets.tokopedia-static.net/obj/tokopedia-web-sg/zeus_v2/ae78c469.svg,https://lf-web-assets.tokopedia-static.net/obj/tokopedia-web-sg/zeus_v2/2e112467.svg,Kota Denpasar,11,"S

M

L

XL",Ongkir Rp17.000,"285

total barang"
1772608678-20,https://www.tokopedia.com/tokokarungjantan-193/product,Rp185.000,PLEATED BAGGYPANT | CELANA BAGGY PLEATED PRIA,3.8,nan,https://lf-web-assets.tokopedia-static.net/obj/tokopedia-web-sg/zeus_v2/85cc883d.svg,https://lf-web-assets.tokopedia-static.net/obj/tokopedia-web-sg/zeus_v2/ae78c469.svg,https://lf-web-assets.tokopedia-static.net/obj/tokopedia-web-sg/zeus_v2/2e112467.svg,Kota Denpasar,63,"Onesize

Plus Size",Ongkir Rp17.000,"285

total barang"
1772608686-21,https://www.tokopedia.com/tokokarungjantan-193/product,Rp204.000,BARREL PANTS | CELANA BARREL PRIA,4.0,nan,https://lf-web-assets.tokopedia-static.net/obj/tokopedia-web-sg/zeus_v2/85cc883d.svg,https://lf-web-assets.tokopedia-static.net/obj/tokopedia-web-sg/zeus_v2/ae78c469.svg,https://lf-web-assets.tokopedia-static.net/obj/tokopedia-web-sg/zeus_v2/2e112467.svg,Kota Denpasar,23,"28

30

32

34",Ongkir Rp17.000,"285

total barang"
1772608690-22,https://www.tokopedia.com/tokokarungjantan-193/product,Rp96.000,OVERSIZE ABORIGI T-SHIRT | BAJU KAOS OVERSIZE PRIA DISTRO | BAJU KAOS OVERSIZE LENGAN PENDEK,4.9,nan,https://lf-web-assets.tokopedia-static.net/obj/tokopedia-web-sg/zeus_v2/85cc883d.svg,https://lf-web-assets.tokopedia-static.net/obj/tokopedia-web-sg/zeus_v2/ae78c469.svg,https://lf-web-assets.tokopedia-static.net/obj/tokopedia-web-sg/zeus_v2/2e112467.svg,Kota Denpasar,50,"S

M

L

XL",Ongkir Rp17.000,"285

total barang"
1772608696-23,https://www.tokopedia.com/tokokarungjantan-193/product,Rp82.000,“ LET “ OVERSIZE T-SHIRT | BAJU KAOS OVERSIZE PRIA DISTRO | BAJU KAOS OVERSIZE LENGAN PENDEK,4.9,nan,https://lf-web-assets.tokopedia-static.net/obj/tokopedia-web-sg/zeus_v2/85cc883d.svg,https://lf-web-assets.tokopedia-static.net/obj/tokopedia-web-sg/zeus_v2/ae78c469.svg,https://lf-web-assets.tokopedia-static.net/obj/tokopedia-web-sg/zeus_v2/2e112467.svg,Kota Denpasar,34,"S

M

L

XL",Ongkir Rp17.000,"285

total barang"
1772608704-24,https://www.tokopedia.com/tokokarungjantan-193/product,Rp95.000,FITTED T-SHIRT | KAOS FIT PRIA | KAOS PRES BODY,5.0,nan,https://lf-web-assets.tokopedia-static.net/obj/tokopedia-web-sg/zeus_v2/85cc883d.svg,https://lf-web-assets.tokopedia-static.net/obj/tokopedia-web-sg/zeus_v2/ae78c469.svg,https://lf-web-assets.tokopedia-static.net/obj/tokopedia-web-sg/zeus_v2/2e112467.svg,Kota Denpasar,39,"S

M

L

XL",Ongkir Rp17.000,"285

total barang"
1772608708-25,https://www.tokopedia.com/tokokarungjantan-193/product,Rp82.000,“ BASIS “ OVERSIZE T-SHIRT | BAJU KAOS OVERSIZE PRIA DISTRO | BAJU KAOS OVERSIZE LENGAN PENDEK,4.7,nan,https://lf-web-assets.tokopedia-static.net/obj/tokopedia-web-sg/zeus_v2/85cc883d.svg,https://lf-web-assets.tokopedia-static.net/obj/tokopedia-web-sg/zeus_v2/ae78c469.svg,https://lf-web-assets.tokopedia-static.net/obj/tokopedia-web-sg/zeus_v2/2e112467.svg,Kota Denpasar,23,"S

M

L

XL",Ongkir Rp17.000,"285

total barang"
1772608716-26,https://www.tokopedia.com/tokokarungjantan-193/product,Rp119.000,KEMEJA KRINKLE | BOWLING COLLAR SHIRT | KEMEJA PENDEK PRIA,4.9,nan,https://lf-web-assets.tokopedia-static.net/obj/tokopedia-web-sg/zeus_v2/85cc883d.svg,https://lf-web-assets.tokopedia-static.net/obj/tokopedia-web-sg/zeus_v2/ae78c469.svg,https://lf-web-assets.tokopedia-static.net/obj/tokopedia-web-sg/zeus_v2/2e112467.svg,Kota Denpasar,43,"S

M

L

XL",Ongkir Rp17.000,"285

total barang"
1772608723-27,https://www.tokopedia.com/tokokarungjantan-193/product,Rp82.000,“ SECRET “ OVERSIZE T-SHIRT | BAJU KAOS OVERSIZE PRIA DISTRO | BAJU KAOS OVERSIZE LENGAN PENDEK,4.9,nan,https://lf-web-assets.tokopedia-static.net/obj/tokopedia-web-sg/zeus_v2/85cc883d.svg,https://lf-web-assets.tokopedia-static.net/obj/tokopedia-web-sg/zeus_v2/ae78c469.svg,https://lf-web-assets.tokopedia-static.net/obj/tokopedia-web-sg/zeus_v2/2e112467.svg,Kota Denpasar,34,"S

M

L

XL",Ongkir Rp17.000,"285

total barang"
1772608727-28,https://www.tokopedia.com/tokokarungjantan-193/product,Rp85.000,“ AWAY PUFF “ OVERSIZE T-SHIRT | BAJU KAOS OVERSIZE PRIA DISTRO | BAJU KAOS OVERSIZE LENGAN PENDEK,4.7,nan,https://lf-web-assets.tokopedia-static.net/obj/tokopedia-web-sg/zeus_v2/85cc883d.svg,https://lf-web-assets.tokopedia-static.net/obj/tokopedia-web-sg/zeus_v2/ae78c469.svg,https://lf-web-assets.tokopedia-static.net/obj/tokopedia-web-sg/zeus_v2/2e112467.svg,Kota Denpasar,18,"S

M

L

XL",Ongkir Rp17.000,"285

total barang"
1772608731-29,https://www.tokopedia.com/tokokarungjantan-193/product,Rp85.000,“ UNUSUAL PUFF “ OVERSIZE T-SHIRT | BAJU KAOS OVERSIZE PRIA DISTRO | BAJU KAOS OVERSIZE LENGAN PENDEK,4.9,nan,https://lf-web-assets.tokopedia-static.net/obj/tokopedia-web-sg/zeus_v2/85cc883d.svg,https://lf-web-assets.tokopedia-static.net/obj/tokopedia-web-sg/zeus_v2/ae78c469.svg,https://lf-web-assets.tokopedia-static.net/obj/tokopedia-web-sg/zeus_v2/2e112467.svg,Kota Denpasar,Sisa 8,"S

M

L

XL",Ongkir Rp17.000,"285

total barang"
1772608734-30,https://www.tokopedia.com/tokokarungjantan-193/product,Rp162.000,STRIPE WORK JACKET | JACKET BOXY GARIS PRIA | JACKET SKENA,4.5,nan,https://lf-web-assets.tokopedia-static.net/obj/tokopedia-web-sg/zeus_v2/85cc883d.svg,https://lf-web-assets.tokopedia-static.net/obj/tokopedia-web-sg/zeus_v2/ae78c469.svg,https://lf-web-assets.tokopedia-static.net/obj/tokopedia-web-sg/zeus_v2/2e112467.svg,Kota Denpasar,nan,nan,nan,nan
1772608737-31,https://www.tokopedia.com/tokokarungjantan-193/product,Rp82.000,“ ONE STAR “ OVERSIZE T-SHIRT | BAJU KAOS OVERSIZE PRIA DISTRO | BAJU KAOS OVERSIZE LENGAN PENDEK,5.0,nan,https://lf-web-assets.tokopedia-static.net/obj/tokopedia-web-sg/zeus_v2/85cc883d.svg,https://lf-web-assets.tokopedia-static.net/obj/tokopedia-web-sg/zeus_v2/ae78c469.svg,https://lf-web-assets.tokopedia-static.net/obj/tokopedia-web-sg/zeus_v2/2e112467.svg,Kota Denpasar,22,"S

M

L

XL",Ongkir Rp17.000,"285

total barang"
1772608740-32,https://www.tokopedia.com/tokokarungjantan-193/product,Rp94.000,IVORY OVERSIZE T-SHIRT POLOS | BAJU KAOS POLOS OVERSIZE PRIA DISTRO | BAJU KAOS POLOS OVERSIZE LENGAN PENDEK,4.5,nan,https://lf-web-assets.tokopedia-static.net/obj/tokopedia-web-sg/zeus_v2/85cc883d.svg,https://lf-web-assets.tokopedia-static.net/obj/tokopedia-web-sg/zeus_v2/ae78c469.svg,https://lf-web-assets.tokopedia-static.net/obj/tokopedia-web-sg/zeus_v2/2e112467.svg,Kota Denpasar,Sisa 2,"S

M

L

XL",Ongkir Rp17.000,"285

total barang"
1772608745-33,https://www.tokopedia.com/tokokarungjantan-193/product,Rp246.000,FIREMAN CLASP ZIPPER HOODIE BOXY | JACKET HOODIE CLASP PRIA,3.0,nan,https://lf-web-assets.tokopedia-static.net/obj/tokopedia-web-sg/zeus_v2/85cc883d.svg,https://lf-web-assets.tokopedia-static.net/obj/tokopedia-web-sg/zeus_v2/ae78c469.svg,https://lf-web-assets.tokopedia-static.net/obj/tokopedia-web-sg/zeus_v2/2e112467.svg,Kota Denpasar,nan,nan,nan,nan
1772608750-34,https://www.tokopedia.com/tokokarungjantan-193/product,Rp82.000,“ SHINE STAR “ OVERSIZE T-SHIRT | BAJU KAOS OVERSIZE PRIA DISTRO | BAJU KAOS OVERSIZE LENGAN PENDEK,4.8,nan,https://lf-web-assets.tokopedia-static.net/obj/tokopedia-web-sg/zeus_v2/85cc883d.svg,https://lf-web-assets.tokopedia-static.net/obj/tokopedia-web-sg/zeus_v2/ae78c469.svg,https://lf-web-assets.tokopedia-static.net/obj/tokopedia-web-sg/zeus_v2/2e112467.svg,Kota Denpasar,nan,nan,nan,nan
1772608757-35,https://www.tokopedia.com/tokokarungjantan-193/product,Rp85.000,“ SCULPTURE PUFF “ OVERSIZE T-SHIRT | BAJU KAOS OVERSIZE PRIA DISTRO | BAJU KAOS OVERSIZE LENGAN PENDEK,4.7,nan,https://lf-web-assets.tokopedia-static.net/obj/tokopedia-web-sg/zeus_v2/85cc883d.svg,https://lf-web-assets.tokopedia-static.net/obj/tokopedia-web-sg/zeus_v2/ae78c469.svg,https://lf-web-assets.tokopedia-static.net/obj/tokopedia-web-sg/zeus_v2/2e112467.svg,Kota Denpasar,41,"S

M

L

XL",Ongkir Rp17.000,"285

total barang"
1772608763-36,https://www.tokopedia.com/tokokarungjantan-193/product,Rp85.000,“ LEAVES PUFF “ OVERSIZE T-SHIRT | BAJU KAOS OVERSIZE PRIA DISTRO | BAJU KAOS OVERSIZE LENGAN PENDEK,5.0,nan,https://lf-web-assets.tokopedia-static.net/obj/tokopedia-web-sg/zeus_v2/85cc883d.svg,https://lf-web-assets.tokopedia-static.net/obj/tokopedia-web-sg/zeus_v2/ae78c469.svg,https://lf-web-assets.tokopedia-static.net/obj/tokopedia-web-sg/zeus_v2/2e112467.svg,Kota Denpasar,Sisa 7,"S

M

L

XL",Ongkir Rp17.000,"285

total barang"
1772608768-37,https://www.tokopedia.com/tokokarungjantan-193/product,Rp153.000,BOXY TRACKTOP JACKET | JAKET PARASUT PRIA,4.9,nan,https://lf-web-assets.tokopedia-static.net/obj/tokopedia-web-sg/zeus_v2/85cc883d.svg,https://lf-web-assets.tokopedia-static.net/obj/tokopedia-web-sg/zeus_v2/ae78c469.svg,https://lf-web-assets.tokopedia-static.net/obj/tokopedia-web-sg/zeus_v2/2e112467.svg,Kota Denpasar,19,"M

L

XL",Ongkir Rp17.000,"285

total barang"
1772608781-38,https://www.tokopedia.com/tokokarungjantan-193/product,Rp82.000,“ TWENTY THREE “ OVERSIZE T-SHIRT | BAJU KAOS OVERSIZE PRIA DISTRO | BAJU KAOS OVERSIZE LENGAN PENDEK,4.8,nan,https://lf-web-assets.tokopedia-static.net/obj/tokopedia-web-sg/zeus_v2/85cc883d.svg,https://lf-web-assets.tokopedia-static.net/obj/tokopedia-web-sg/zeus_v2/ae78c469.svg,https://lf-web-assets.tokopedia-static.net/obj/tokopedia-web-sg/zeus_v2/2e112467.svg,Kota Denpasar,34,"S

M

L

XL",Ongkir Rp17.000,"285

total barang"
1772608793-39,https://www.tokopedia.com/tokokarungjantan-193/product,Rp82.000,“ VAIN “ OVERSIZE T-SHIRT | BAJU KAOS OVERSIZE PRIA DISTRO | BAJU KAOS OVERSIZE LENGAN PENDEK,4.9,nan,https://lf-web-assets.tokopedia-static.net/obj/tokopedia-web-sg/zeus_v2/85cc883d.svg,https://lf-web-assets.tokopedia-static.net/obj/tokopedia-web-sg/zeus_v2/ae78c469.svg,https://lf-web-assets.tokopedia-static.net/obj/tokopedia-web-sg/zeus_v2/2e112467.svg,Kota Denpasar,nan,nan,nan,nan
1772608804-40,https://www.tokopedia.com/tokokarungjantan-193/product,Rp153.000,""" VOLUME 1 "" BAGGY SWEATPANT / CELANA BAGGY SWEATPANT PRIA",5.0,nan,https://lf-web-assets.tokopedia-static.net/obj/tokopedia-web-sg/zeus_v2/85cc883d.svg,https://lf-web-assets.tokopedia-static.net/obj/tokopedia-web-sg/zeus_v2/ae78c469.svg,https://lf-web-assets.tokopedia-static.net/obj/tokopedia-web-sg/zeus_v2/2e112467.svg,Kota Denpasar,nan,nan,nan,nan
1772608809-41,https://www.tokopedia.com/tokokarungjantan-193/product,Rp98.000,“ CARNE “ OVERSIZE T-SHIRT | BAJU KAOS OVERSIZE PRIA DISTRO | BAJU KAOS OVERSIZE LENGAN PENDEK,5.0,nan,https://lf-web-assets.tokopedia-static.net/obj/tokopedia-web-sg/zeus_v2/85cc883d.svg,https://lf-web-assets.tokopedia-static.net/obj/tokopedia-web-sg/zeus_v2/ae78c469.svg,https://lf-web-assets.tokopedia-static.net/obj/tokopedia-web-sg/zeus_v2/2e112467.svg,Kota Denpasar,22,"S

M

L

XL",nan,nan
1772608825-42,https://www.tokopedia.com/tokokarungjantan-193/product,Rp145.000,PLEATED LOOSEPANT LINEN | LOOSEPANT LINEN PLEATED PRIA,,8 terjual,https://lf-web-assets.tokopedia-static.net/obj/tokopedia-web-sg/zeus_v2/85cc883d.svg,https://lf-web-assets.tokopedia-static.net/obj/tokopedia-web-sg/zeus_v2/ae78c469.svg,nan,Kota Denpasar,Sisa 2,"M

L

XL",Ongkir Rp17.000,"285

total barang"
1772608836-43,https://www.tokopedia.com/tokokarungjantan-193/product,Rp82.000,“ SCALED “ OVERSIZE T-SHIRT | BAJU KAOS OVERSIZE PRIA DISTRO | BAJU KAOS OVERSIZE LENGAN PENDEK,5.0,nan,https://lf-web-assets.tokopedia-static.net/obj/tokopedia-web-sg/zeus_v2/85cc883d.svg,https://lf-web-assets.tokopedia-static.net/obj/tokopedia-web-sg/zeus_v2/ae78c469.svg,https://lf-web-assets.tokopedia-static.net/obj/tokopedia-web-sg/zeus_v2/2e112467.svg,Kota Denpasar,11,"S

M

L

XL",Ongkir Rp17.000,"285

total barang"
1772608842-44,https://www.tokopedia.com/tokokarungjantan-193/product,Rp82.000,“ REFLECTION “ OVERSIZE T-SHIRT | BAJU KAOS OVERSIZE PRIA DISTRO | BAJU KAOS OVERSIZE LENGAN PENDEK,5.0,nan,https://lf-web-assets.tokopedia-static.net/obj/tokopedia-web-sg/zeus_v2/85cc883d.svg,https://lf-web-assets.tokopedia-static.net/obj/tokopedia-web-sg/zeus_v2/ae78c469.svg,https://lf-web-assets.tokopedia-static.net/obj/tokopedia-web-sg/zeus_v2/2e112467.svg,Kota Denpasar,Sisa 1,"S

M

L

XL",nan,nan
1772608849-45,https://www.tokopedia.com/tokokarungjantan-193/product,Rp82.000,“ BECOME “ OVERSIZE T-SHIRT | BAJU KAOS OVERSIZE PRIA DISTRO | BAJU KAOS OVERSIZE LENGAN PENDEK,5.0,nan,https://lf-web-assets.tokopedia-static.net/obj/tokopedia-web-sg/zeus_v2/85cc883d.svg,https://lf-web-assets.tokopedia-static.net/obj/tokopedia-web-sg/zeus_v2/ae78c469.svg,https://lf-web-assets.tokopedia-static.net/obj/tokopedia-web-sg/zeus_v2/2e112467.svg,Kota Denpasar,21,"S

M

L

XL",nan,nan
1772608859-46,https://www.tokopedia.com/tokokarungjantan-193/product,Rp82.000,“ CRACKED “ OVERSIZE T-SHIRT | BAJU KAOS OVERSIZE PRIA DISTRO | BAJU KAOS OVERSIZE LENGAN PENDEK,5.0,nan,https://lf-web-assets.tokopedia-static.net/obj/tokopedia-web-sg/zeus_v2/85cc883d.svg,https://lf-web-assets.tokopedia-static.net/obj/tokopedia-web-sg/zeus_v2/ae78c469.svg,https://lf-web-assets.tokopedia-static.net/obj/tokopedia-web-sg/zeus_v2/2e112467.svg,Kota Denpasar,nan,nan,nan,nan
1772608869-47,https://www.tokopedia.com/tokokarungjantan-193/product,Rp82.000,“ UNWISH “ OVERSIZE T-SHIRT | BAJU KAOS OVERSIZE PRIA DISTRO | BAJU KAOS OVERSIZE LENGAN PENDEK,5.0,nan,https://lf-web-assets.tokopedia-static.net/obj/tokopedia-web-sg/zeus_v2/85cc883d.svg,https://lf-web-assets.tokopedia-static.net/obj/tokopedia-web-sg/zeus_v2/ae78c469.svg,https://lf-web-assets.tokopedia-static.net/obj/tokopedia-web-sg/zeus_v2/2e112467.svg,Kota Denpasar,Sisa 4,"S

M

L

XL",Ongkir Rp17.000,"285

total barang"
1772608874-48,https://www.tokopedia.com/tokokarungjantan-193/product,Rp84.000,SLEEVELESS T-SHIRT DANBOWL | KAOS SINGLET PRIA LEKBONG DISTRO,5.0,nan,https://lf-web-assets.tokopedia-static.net/obj/tokopedia-web-sg/zeus_v2/85cc883d.svg,https://lf-web-assets.tokopedia-static.net/obj/tokopedia-web-sg/zeus_v2/ae78c469.svg,https://lf-web-assets.tokopedia-static.net/obj/tokopedia-web-sg/zeus_v2/2e112467.svg,Kota Denpasar,18,"S

M

L

XL",nan,nan
1772608884-49,https://www.tokopedia.com/tokokarungjantan-193/product,Rp82.000,“ TENSION “ OVERSIZE T-SHIRT | BAJU KAOS OVERSIZE PRIA DISTRO | BAJU KAOS OVERSIZE LENGAN PENDEK,4.7,nan,https://lf-web-assets.tokopedia-static.net/obj/tokopedia-web-sg/zeus_v2/85cc883d.svg,https://lf-web-assets.tokopedia-static.net/obj/tokopedia-web-sg/zeus_v2/ae78c469.svg,https://lf-web-assets.tokopedia-static.net/obj/tokopedia-web-sg/zeus_v2/2e112467.svg,Kota Denpasar,25,"S

M

L

XL",Ongkir Rp17.000,"285

total barang"
1772608886-50,https://www.tokopedia.com/tokokarungjantan-193/product,Rp106.000,OVERSIZE T-SHIRT POCKET DANBOWL | KAOS POCKET DANBOWL PRIA DISTRO,,12 terjual,https://p16-images-sign-sg.tokopedia-static.net/tos-alisg-i-aphluv4xwc-sg/eaa29b31086e48ab851815fa82ab2779~tplv-aphluv4xwc-origin-jpeg.webp?lk3s=7a10017b&x-expires=1772611953&x-signature=hhkG%2FmyX6sXRNZb0tue65w2LIOg%3D&x-signature-webp=hhkG%2FmyX6sXRNZb0tue65w2LIOg%3D&ect=4g,https://lf-web-assets.tokopedia-static.net/obj/tokopedia-web-sg/zeus_v2/ae78c469.svg,nan,Kota Denpasar,nan,nan,nan,nan
1772608894-51,https://www.tokopedia.com/tokokarungjantan-193/product,Rp106.000,SWEATPANT LIST | CELANA PENDEK PRIA,,nan,https://p16-images-sign-sg.tokopedia-static.net/tos-alisg-i-aphluv4xwc-sg/da0a6dd6709d4b82b126bc19e7d72417~tplv-aphluv4xwc-origin-jpeg.webp?lk3s=7a10017b&x-expires=1772611953&x-signature=f8dIOUFUZ3QGU6AWeWYy8bpIM7w%3D&x-signature-webp=f8dIOUFUZ3QGU6AWeWYy8bpIM7w%3D&ect=4g,https://lf-web-assets.tokopedia-static.net/obj/tokopedia-web-sg/zeus_v2/ae78c469.svg,nan,Kota Denpasar,Sisa 2,"M

L

XL",nan,nan
1772608912-52,https://www.tokopedia.com/tokokarungjantan-193/product,Rp94.000,""" VOLUME 2 "" SWEATPANT UNFINISH | CELANA PENDEK PRIA",,5 terjual,https://p16-images-sign-sg.tokopedia-static.net/tos-alisg-i-aphluv4xwc-sg/24bec7e9823a4c78864ee6f6e260465c~tplv-aphluv4xwc-origin-jpeg.webp?lk3s=7a10017b&x-expires=1772611953&x-signature=Daw3dODd0s6afdUWCcUUEqAVehQ%3D&x-signature-webp=Daw3dODd0s6afdUWCcUUEqAVehQ%3D&ect=4g,https://lf-web-assets.tokopedia-static.net/obj/tokopedia-web-sg/zeus_v2/ae78c469.svg,nan,Kota Denpasar,16,"M

L

XL",Ongkir Rp17.000,"285

total barang"
1772608922-53,https://www.tokopedia.com/tokokarungjantan-193/product,Rp55.000,SANDAL JELLY | SANDAL SELOP JELLY PRIA,4.3,nan,https://p16-images-sign-sg.tokopedia-static.net/tos-alisg-i-aphluv4xwc-sg/af5f62afb6e440a4900fd4419437e71b~tplv-aphluv4xwc-origin-jpeg.webp?lk3s=7a10017b&x-expires=1772611953&x-signature=Qxc26jMvMhCC2yVHLjJAblQlYfo%3D&x-signature-webp=Qxc26jMvMhCC2yVHLjJAblQlYfo%3D&ect=4g,https://lf-web-assets.tokopedia-static.net/obj/tokopedia-web-sg/zeus_v2/ae78c469.svg,https://lf-web-assets.tokopedia-static.net/obj/tokopedia-web-sg/zeus_v2/2e112467.svg,Kota Denpasar,Sisa 10,"S

M

L",nan,nan
1772608928-54,https://www.tokopedia.com/tokokarungjantan-193/product,Rp102.000,POLO ZANE KNIT | POLO ZANE KNIT PRIA DISTRO,5.0,nan,https://p16-images-sign-sg.tokopedia-static.net/tos-alisg-i-aphluv4xwc-sg/27c5f04135e344fda50216262c929951~tplv-aphluv4xwc-origin-jpeg.webp?lk3s=7a10017b&x-expires=1772611953&x-signature=8f6FAhBBrJUsVKrgbmnksIFCg%2FE%3D&x-signature-webp=8f6FAhBBrJUsVKrgbmnksIFCg%2FE%3D&ect=4g,https://lf-web-assets.tokopedia-static.net/obj/tokopedia-web-sg/zeus_v2/ae78c469.svg,https://lf-web-assets.tokopedia-static.net/obj/tokopedia-web-sg/zeus_v2/2e112467.svg,Kota Denpasar,35,"S

M

L

XL",nan,nan
1772608933-55,https://www.tokopedia.com/tokokarungjantan-193/product,Rp96.000,ZANE OVERSIZE T-SHIRT | BAJU KAOS OVERSIZE PRIA DISTRO | BAJU KAOS OVERSIZE LENGAN PENDEK,,7 terjual,https://p16-images-sign-sg.tokopedia-static.net/tos-alisg-i-aphluv4xwc-sg/f264daf6512147659e8c5e41d3817eec~tplv-aphluv4xwc-origin-jpeg.webp?lk3s=7a10017b&x-expires=1772611953&x-signature=8a7wKBJkeLxsIqnwbJqzPMcwar0%3D&x-signature-webp=8a7wKBJkeLxsIqnwbJqzPMcwar0%3D&ect=4g,https://lf-web-assets.tokopedia-static.net/obj/tokopedia-web-sg/zeus_v2/ae78c469.svg,nan,Kota Denpasar,nan,nan,nan,nan
1772608938-56,https://www.tokopedia.com/tokokarungjantan-193/product,Rp132.000,"[ NEW PRODUCT ] "" VOLUME 2 "" BASIC SHIRT KOKO | KEMEJA POLOS PRIA LENGAN PANJANG KOKO SHANGHAI",,3 terjual,https://p16-images-sign-sg.tokopedia-static.net/tos-alisg-i-aphluv4xwc-sg/59077dd15c4847ba9ba9a83fea2d5d82~tplv-aphluv4xwc-origin-jpeg.webp?lk3s=7a10017b&x-expires=1772611953&x-signature=z90655wrqzOLQN%2BZPaC1PtSdvuQ%3D&x-signature-webp=z90655wrqzOLQN%2BZPaC1PtSdvuQ%3D&ect=4g,https://lf-web-assets.tokopedia-static.net/obj/tokopedia-web-sg/zeus_v2/ae78c469.svg,nan,Kota Denpasar,15,"S

M

L

XL",nan,nan
1772608944-57,https://www.tokopedia.com/tokokarungjantan-193/product,Rp82.000,“ LITTLE “ OVERSIZE T-SHIRT / BAJU KAOS OVERSIZE PRIA DISTRO | BAJU KAOS OVERSIZE LENGAN PENDEK,4.7,nan,https://p16-images-sign-sg.tokopedia-static.net/tos-alisg-i-aphluv4xwc-sg/58bb8f82d264439aaa01e9e147f7b3d4~tplv-aphluv4xwc-origin-jpeg.webp?lk3s=7a10017b&x-expires=1772611953&x-signature=w6d5BYPfQmRuAkmIONv6YfO9oi0%3D&x-signature-webp=w6d5BYPfQmRuAkmIONv6YfO9oi0%3D&ect=4g,https://lf-web-assets.tokopedia-static.net/obj/tokopedia-web-sg/zeus_v2/ae78c469.svg,https://lf-web-assets.tokopedia-static.net/obj/tokopedia-web-sg/zeus_v2/2e112467.svg,Kota Denpasar,21,"S

M

L

XL",nan,nan
1772608950-58,https://www.tokopedia.com/tokokarungjantan-193/product,Rp82.000,“ REBEL “ OVERSIZE T-SHIRT | BAJU KAOS OVERSIZE PRIA DISTRO | BAJU KAOS OVERSIZE LENGAN PENDEK,5.0,nan,https://p16-images-sign-sg.tokopedia-static.net/tos-alisg-i-aphluv4xwc-sg/32e159eefd6b4f988c9c1df8ee9df763~tplv-aphluv4xwc-origin-jpeg.webp?lk3s=7a10017b&x-expires=1772611953&x-signature=sYp6kQu%2BPwzBX8VJwXl93Sc7rcI%3D&x-signature-webp=sYp6kQu%2BPwzBX8VJwXl93Sc7rcI%3D&ect=4g,https://lf-web-assets.tokopedia-static.net/obj/tokopedia-web-sg/zeus_v2/ae78c469.svg,https://lf-web-assets.tokopedia-static.net/obj/tokopedia-web-sg/zeus_v2/2e112467.svg,Kota Denpasar,20,"S

M

L

XL",nan,nan
1772608956-59,https://www.tokopedia.com/tokokarungjantan-193/product,Rp82.000,“ GONE “ OVERSIZE T-SHIRT | BAJU KAOS OVERSIZE PRIA DISTRO | BAJU KAOS OVERSIZE LENGAN PENDEK,,40+ terjual,https://p16-images-sign-sg.tokopedia-static.net/tos-alisg-i-aphluv4xwc-sg/3f5c61087b4546b2ba33dd5fd25b4bdd~tplv-aphluv4xwc-origin-jpeg.webp?lk3s=7a10017b&x-expires=1772611953&x-signature=%2BQGRdV99c1eUYfG69Kv4SIVg4qE%3D&x-signature-webp=%2BQGRdV99c1eUYfG69Kv4SIVg4qE%3D&ect=4g,https://lf-web-assets.tokopedia-static.net/obj/tokopedia-web-sg/zeus_v2/ae78c469.svg,nan,Kota Denpasar,Sisa 5,"S

M

L

XL",nan,nan
1772608964-60,https://www.tokopedia.com/tokokarungjantan-193/product,Rp145.000,LOOSEPANT POLOS FLEECE | SWEATPANT | CELANA PANJANG PRIA,,4 terjual,https://p16-images-sign-sg.tokopedia-static.net/tos-alisg-i-aphluv4xwc-sg/1d6b788b18ec42e9bd2e7dfd762b68c2~tplv-aphluv4xwc-origin-jpeg.webp?lk3s=7a10017b&x-expires=1772611953&x-signature=QVR%2FXPn1dSRBoZ4jmCLj0ttUylc%3D&x-signature-webp=QVR%2FXPn1dSRBoZ4jmCLj0ttUylc%3D&ect=4g,https://lf-web-assets.tokopedia-static.net/obj/tokopedia-web-sg/zeus_v2/ae78c469.svg,nan,Kota Denpasar,nan,nan,nan,nan
1772608971-61,https://www.tokopedia.com/tokokarungjantan-193/product,Rp136.000,AMBRIO SHIRT | AMBRIO KEMEJA PRIA DISTRO,,1 terjual,https://p16-images-sign-sg.tokopedia-static.net/tos-alisg-i-aphluv4xwc-sg/ad3d6a4afbc4453c9df026f42d9d65de~tplv-aphluv4xwc-origin-jpeg.webp?lk3s=7a10017b&x-expires=1772611953&x-signature=E5JpGjK%2FwO4jcvOdFjx2OCRvlS4%3D&x-signature-webp=E5JpGjK%2FwO4jcvOdFjx2OCRvlS4%3D&ect=4g,https://lf-web-assets.tokopedia-static.net/obj/tokopedia-web-sg/zeus_v2/ae78c469.svg,nan,Kota Denpasar,Sisa 2,"S

M

L

XL",Ongkir Rp17.000,"285

total barang"
1772608974-62,https://www.tokopedia.com/tokokarungjantan-193/product,Rp136.000,SHERENA SHIRT | KEMEJA PRIA DISTRO,5.0,nan,https://p16-images-sign-sg.tokopedia-static.net/tos-alisg-i-aphluv4xwc-sg/02189791c95649838736001d3ab919c1~tplv-aphluv4xwc-origin-jpeg.webp?lk3s=7a10017b&x-expires=1772611953&x-signature=qyx5G2Ky9wiOwduD6UYFCem0QMc%3D&x-signature-webp=qyx5G2Ky9wiOwduD6UYFCem0QMc%3D&ect=4g,https://lf-web-assets.tokopedia-static.net/obj/tokopedia-web-sg/zeus_v2/ae78c469.svg,https://lf-web-assets.tokopedia-static.net/obj/tokopedia-web-sg/zeus_v2/2e112467.svg,Kota Denpasar,nan,nan,nan,nan
1772608979-63,https://www.tokopedia.com/tokokarungjantan-193/product,Rp47.000,""" VOLUME 5 "" SANDAL SELOP KRGJNTN | SANDAL SELOP PRIA",,9 terjual,https://p16-images-sign-sg.tokopedia-static.net/tos-alisg-i-aphluv4xwc-sg/856b27537ebc409cb6017ab3714f8e6c~tplv-aphluv4xwc-origin-jpeg.webp?lk3s=7a10017b&x-expires=1772611953&x-signature=8Wr%2BvnosapgEplZlwswE1gfjBZc%3D&x-signature-webp=8Wr%2BvnosapgEplZlwswE1gfjBZc%3D&ect=4g,https://lf-web-assets.tokopedia-static.net/obj/tokopedia-web-sg/zeus_v2/ae78c469.svg,nan,Kota Denpasar,Sisa 7,"39

40

41

42

43",Ongkir Rp17.000,"285

total barang"
1772608986-64,https://www.tokopedia.com/tokokarungjantan-193/product,Rp102.000,POLO SHIRT FLOOPY | POLO SHIRT FLOOPY PRIA DISTRO,,7 terjual,https://p16-images-sign-sg.tokopedia-static.net/tos-alisg-i-aphluv4xwc-sg/bb1933f7c6f74fb384ec2cf2ed91edbd~tplv-aphluv4xwc-origin-jpeg.webp?lk3s=7a10017b&x-expires=1772611953&x-signature=sGxL0JSpKi2LDzVKy0le8m3nLpA%3D&x-signature-webp=sGxL0JSpKi2LDzVKy0le8m3nLpA%3D&ect=4g,https://lf-web-assets.tokopedia-static.net/obj/tokopedia-web-sg/zeus_v2/ae78c469.svg,nan,Kota Denpasar,43,"S

M

L

XL",Ongkir Rp17.000,"285

total barang"
1772608993-65,https://www.tokopedia.com/tokokarungjantan-193/product,Rp82.000,“ RISE “ OVERSIZE T-SHIRT | BAJU KAOS OVERSIZE PRIA DISTRO | BAJU KAOS OVERSIZE LENGAN PENDEK,,30+ terjual,https://p16-images-sign-sg.tokopedia-static.net/tos-alisg-i-aphluv4xwc-sg/18b458dc7f33491281de3277b55e4a2d~tplv-aphluv4xwc-origin-jpeg.webp?lk3s=7a10017b&x-expires=1772611953&x-signature=zEy1ef9%2BGytXqhy%2BYClnvnyd6Q8%3D&x-signature-webp=zEy1ef9%2BGytXqhy%2BYClnvnyd6Q8%3D&ect=4g,https://lf-web-assets.tokopedia-static.net/obj/tokopedia-web-sg/zeus_v2/ae78c469.svg,nan,Kota Denpasar,25,"S

M

L

XL",Ongkir Rp17.000,"285

total barang"
1772609000-66,https://www.tokopedia.com/tokokarungjantan-193/product,Rp82.000,“ SCREAMS “ OVERSIZE T-SHIRT | BAJU KAOS OVERSIZE PRIA DISTRO | BAJU KAOS OVERSIZE LENGAN PENDEK,5.0,nan,https://p16-images-sign-sg.tokopedia-static.net/tos-alisg-i-aphluv4xwc-sg/4ef54ac9b0534893bf41a7a5f8856eb4~tplv-aphluv4xwc-origin-jpeg.webp?lk3s=7a10017b&x-expires=1772611953&x-signature=q39H3LQ%2BXT%2BMuEK1C5XTOIZmuLo%3D&x-signature-webp=q39H3LQ%2BXT%2BMuEK1C5XTOIZmuLo%3D&ect=4g,https://lf-web-assets.tokopedia-static.net/obj/tokopedia-web-sg/zeus_v2/ae78c469.svg,https://lf-web-assets.tokopedia-static.net/obj/tokopedia-web-sg/zeus_v2/2e112467.svg,Kota Denpasar,Sisa 5,"S

M

L

XL",Ongkir Rp17.000,"285

total barang"
1772609004-67,https://www.tokopedia.com/tokokarungjantan-193/product,Rp199.000,""" VOLUME 1 "" BARREL BAGGYPANT JEANS | CELANA BAGGY JEANS PRIA",,4 terjual,https://p16-images-sign-sg.tokopedia-static.net/tos-alisg-i-aphluv4xwc-sg/ab929ffd7ab040cbb0385efef5d084c8~tplv-aphluv4xwc-origin-jpeg.webp?lk3s=7a10017b&x-expires=1772611953&x-signature=CX6gglDbGzFSkTrTB%2FzuGh%2BcpAI%3D&x-signature-webp=CX6gglDbGzFSkTrTB%2FzuGh%2BcpAI%3D&ect=4g,https://lf-web-assets.tokopedia-static.net/obj/tokopedia-web-sg/zeus_v2/ae78c469.svg,nan,Kota Denpasar,Sisa 1,"28

30

32

34",Ongkir Rp17.000,"285

total barang"
1772609008-68,https://www.tokopedia.com/tokokarungjantan-193/product,Rp82.000,“ CARRY “ OVERSIZE T-SHIRT | BAJU KAOS OVERSIZE PRIA DISTRO | BAJU KAOS OVERSIZE LENGAN PENDEK,4.0,nan,https://p16-images-sign-sg.tokopedia-static.net/tos-alisg-i-aphluv4xwc-sg/730b5520c00446b6919aac43d114a27d~tplv-aphluv4xwc-origin-jpeg.webp?lk3s=7a10017b&x-expires=1772611953&x-signature=vHUSxlBS54yG6jP9QmMuamnNcs4%3D&x-signature-webp=vHUSxlBS54yG6jP9QmMuamnNcs4%3D&ect=4g,https://lf-web-assets.tokopedia-static.net/obj/tokopedia-web-sg/zeus_v2/ae78c469.svg,https://lf-web-assets.tokopedia-static.net/obj/tokopedia-web-sg/zeus_v2/2e112467.svg,Kota Denpasar,21,"S

M

L

XL",Ongkir Rp17.000,"285

total barang"
1772609012-69,https://www.tokopedia.com/tokokarungjantan-193/product,Rp119.000,JAM TANGAN PRIA KARUNG JANTAN,,2 terjual,https://p16-images-sign-sg.tokopedia-static.net/tos-alisg-i-aphluv4xwc-sg/6223d0dccd434a0d8b777f27a45e27f5~tplv-aphluv4xwc-origin-jpeg.webp?lk3s=7a10017b&x-expires=1772611953&x-signature=bdgQQvWC3Mjh53ErlCR09gqgHak%3D&x-signature-webp=bdgQQvWC3Mjh53ErlCR09gqgHak%3D&ect=4g,https://lf-web-assets.tokopedia-static.net/obj/tokopedia-web-sg/zeus_v2/ae78c469.svg,nan,Kota Denpasar,Sisa 3,nan,Ongkir Rp17.000,"285

total barang"
1772609015-70,https://www.tokopedia.com/tokokarungjantan-193/product,Rp60.000,""" VOLUME 2 "" SINGLET PRIA | KAOS DALAM PRIA | SINGLET PRIA POLOS",,nan,https://p19-images-sign-sg.tokopedia-static.net/tos-alisg-i-aphluv4xwc-sg/2ab28750aef44f3fb585aace16a1e743~tplv-aphluv4xwc-origin-jpeg.webp?lk3s=7a10017b&x-expires=1772611953&x-signature=QOZ8sEYMb%2FtCmvHcB3nwvnLyWEs%3D&x-signature-webp=QOZ8sEYMb%2FtCmvHcB3nwvnLyWEs%3D&ect=4g,https://lf-web-assets.tokopedia-static.net/obj/tokopedia-web-sg/zeus_v2/ae78c469.svg,nan,Kota Denpasar,14,"M

L

XL",Ongkir Rp17.000,"285

total barang"
1772609019-71,https://www.tokopedia.com/tokokarungjantan-193/product,Rp128.000,""" VOLUME 2 "" SANDAL PRIA | SANDAL GESPER",,1 terjual,https://p16-images-sign-sg.tokopedia-static.net/tos-alisg-i-aphluv4xwc-sg/e8e24f189ffa4da7be77d473ac162bfc~tplv-aphluv4xwc-origin-jpeg.webp?lk3s=7a10017b&x-expires=1772611953&x-signature=VdcQ4X0U56CnZBr82pqmAN1Sy9Y%3D&x-signature-webp=VdcQ4X0U56CnZBr82pqmAN1Sy9Y%3D&ect=4g,https://lf-web-assets.tokopedia-static.net/obj/tokopedia-web-sg/zeus_v2/ae78c469.svg,nan,Kota Denpasar,Sisa 9,"39

40

41

42

43

44",Ongkir Rp17.000,"285

total barang"
1772609024-72,https://www.tokopedia.com/tokokarungjantan-193/product,Rp131.000,IVORY SHIRT | KEMEJA PENDEK PRIA,5.0,nan,https://p16-images-sign-sg.tokopedia-static.net/tos-alisg-i-aphluv4xwc-sg/7ff47ef63b2f4cc29a671d1b2c112259~tplv-aphluv4xwc-origin-jpeg.webp?lk3s=7a10017b&x-expires=1772611953&x-signature=BnZEnf7QtxGSpZNvleyN%2ByqLz6w%3D&x-signature-webp=BnZEnf7QtxGSpZNvleyN%2ByqLz6w%3D&ect=4g,https://lf-web-assets.tokopedia-static.net/obj/tokopedia-web-sg/zeus_v2/ae78c469.svg,https://lf-web-assets.tokopedia-static.net/obj/tokopedia-web-sg/zeus_v2/2e112467.svg,Kota Denpasar,Sisa 2,"S

M

L

XL",Ongkir Rp17.000,"285

total barang"
1772609029-73,https://www.tokopedia.com/tokokarungjantan-193/product,Rp153.000,ZIPPER HOODIE BOXY POLOS | ZIPPER HOODIE BOXY POLOS PRIA,,5 terjual,https://p16-images-sign-sg.tokopedia-static.net/tos-alisg-i-aphluv4xwc-sg/44abfcb0169a4145a8038da9a2812c7c~tplv-aphluv4xwc-origin-jpeg.webp?lk3s=7a10017b&x-expires=1772611953&x-signature=tsU1wgpiHzJ6IQS4l76TK7kEe0c%3D&x-signature-webp=tsU1wgpiHzJ6IQS4l76TK7kEe0c%3D&ect=4g,https://lf-web-assets.tokopedia-static.net/obj/tokopedia-web-sg/zeus_v2/ae78c469.svg,nan,Kota Denpasar,Sisa 4,"S

M

L

XL",Ongkir Rp17.000,"285

total barang"
1772609033-74,https://www.tokopedia.com/tokokarungjantan-193/product,Rp240.000,WAJI SHIRT | WAJI KEMEJA PRIA DISTRO,,nan,https://p16-images-sign-sg.tokopedia-static.net/tos-alisg-i-aphluv4xwc-sg/57cec37e538f44429e10906afb0c7da5~tplv-aphluv4xwc-origin-jpeg.webp?lk3s=7a10017b&x-expires=1772611953&x-signature=i6LIhrT8j0VVFANHGNqqv9CfzzQ%3D&x-signature-webp=i6LIhrT8j0VVFANHGNqqv9CfzzQ%3D&ect=4g,https://lf-web-assets.tokopedia-static.net/obj/tokopedia-web-sg/zeus_v2/ae78c469.svg,nan,Kota Denpasar,16,"M

L

XL",Ongkir Rp17.000,"285

total barang"
1772609037-75,https://www.tokopedia.com/tokokarungjantan-193/product,Rp217.000,ZIZI SHIRT | ZIZI KEMEJA PRIA DISTRO,,nan,https://lf-web-assets.tokopedia-static.net/obj/tokopedia-web-sg/zeus_v2/85cc883d.svg,https://lf-web-assets.tokopedia-static.net/obj/tokopedia-web-sg/zeus_v2/ae78c469.svg,nan,Kota Denpasar,Sisa 4,"M

L

XL",Ongkir Rp17.000,"285

total barang"
1772609042-76,https://www.tokopedia.com/tokokarungjantan-193/product,Rp200.000,OVA SHIRT / OVA KEMEJA PRIA DISTRO,,2 terjual,https://lf-web-assets.tokopedia-static.net/obj/tokopedia-web-sg/zeus_v2/85cc883d.svg,https://lf-web-assets.tokopedia-static.net/obj/tokopedia-web-sg/zeus_v2/ae78c469.svg,nan,Kota Denpasar,Sisa 3,"M

L

XL",Ongkir Rp17.000,"285

total barang"
1772609046-77,https://www.tokopedia.com/tokokarungjantan-193/product,Rp195.000,""" VOLUME 1 "" BAGGYPANT JEANS | CELANA BAGGY JEANS PRIA",,nan,https://lf-web-assets.tokopedia-static.net/obj/tokopedia-web-sg/zeus_v2/85cc883d.svg,https://lf-web-assets.tokopedia-static.net/obj/tokopedia-web-sg/zeus_v2/ae78c469.svg,nan,Kota Denpasar,22,"28

30

32

34",Ongkir Rp17.000,"285

total barang"
1772609049-78,https://www.tokopedia.com/tokokarungjantan-193/product,Rp187.000,""" VOLUME 2 "" BAGGYPANT JEANS | CELANA BAGGY JEANS PRIA",,nan,https://lf-web-assets.tokopedia-static.net/obj/tokopedia-web-sg/zeus_v2/85cc883d.svg,https://lf-web-assets.tokopedia-static.net/obj/tokopedia-web-sg/zeus_v2/ae78c469.svg,nan,Kota Denpasar,13,"28

30

32

34",Ongkir Rp17.000,"285

total barang"
1772609053-79,https://www.tokopedia.com/tokokarungjantan-193/product,Rp82.000,“ ROOTED “ OVERSIZE T-SHIRT | BAJU KAOS OVERSIZE PRIA DISTRO | BAJU KAOS OVERSIZE LENGAN PENDEK,,nan,https://lf-web-assets.tokopedia-static.net/obj/tokopedia-web-sg/zeus_v2/85cc883d.svg,https://lf-web-assets.tokopedia-static.net/obj/tokopedia-web-sg/zeus_v2/ae78c469.svg,nan,Kota Denpasar,16,"S

M

L

XL",Ongkir Rp17.000,"285

total barang"